Sheet,Cell,Cell Data,Time-Stamp,Comment,Date
Apr,H8,Pectoral Flys - Cable,"Apr 1, 2023",Working weight 49.5kg,2023-04-01
Apr,H5,Bench Press - Flat - Barbell,"Apr 1, 2023",Working weight 60kg (5 and 4 reps) keep pushjng,2023-04-01
Apr,H7,Bench Press - Decline - Barbell,"Apr 1, 2023",Working weight 60kg,2023-04-01
Apr,H6,Bench Press - Incline - Dumbell,"Apr 1, 2023",Reduced to 18kg DBs to try and get more reps out of the exercise,2023-04-01
Apr,H12,Bent-Over Rows - Barbell,"Apr 1, 2023","New working weight 50kg, down from 60kg to get the 8 reps with the new grip",2023-04-01
Apr,H12,Bent-Over Rows - Barbell,"Apr 1, 2023","Changing grip indefinitely to underhand, feels like it works the biceps and shoulders too for a more compound motikn",2023-04-01
Apr,H10,Face Pull - Cable,"Apr 1, 2023","New working weight 24.5kg, helps with the one foot forward",2023-04-01
Apr,H11,Lateral Pull Down - Cable,"Apr 1, 2023",Pain in side delt relieved by focusing squeezing my shoulder blades and isolating the movement to my upper back,2023-04-01
Apr,H9,Low Pulley Row - Underhand - Cable,"Apr 1, 2023",Peak weight 16,2023-04-01
Apr,C15,Lateral Raise - Standing - Dumbell,"Apr 3, 2023",Working weight 10kg DBs,2023-04-03
Apr,C14,Shoulder Press - Dumbell,"Apr 3, 2023",Working weight 15kg DBs,2023-04-03
Apr,C17,Hip Huggers - Dumbell,"Apr 3, 2023",Working weight 20kg DBs,2023-04-03
Apr,C18,Overhead Tricep Extension - One Arm - Dumbell,"Apr 3, 2023",Keep working weight at 8kg DB,2023-04-03
Apr,C16,Front Raises - Dumbell,"Apr 3, 2023",Consider using the support of a bar,2023-04-03
Apr,C16,Front Raises - Dumbell,"Apr 3, 2023",Working weight 10kg DB,2023-04-03
Apr,C19,Tricep Kick-Backs - Dumbell,"Apr 3, 2023","That being said, 7.5kg works well for 8 reps ",2023-04-03
Apr,C19,Tricep Kick-Backs - Dumbell,"Apr 3, 2023",Beginning to realise this one feels better at more reps and lower weight,2023-04-03
Apr,C20,Rear Extension - V-Bar - Cable,"Apr 3, 2023","Peak 21.25kg, keep at 1 lower, too hard to get into position and hurts hands at that weight",2023-04-03
Apr,C21,Tricep Extension Pulldown - Cable,"Apr 3, 2023",Triceps and Shoulders fucking exhausted by this point,2023-04-03
Apr,E14,Crunches - Weighted - Cable,"Apr 5, 2023",Working weight 40,2023-04-05
Apr,E16,Leg Raises - Straight Leg Resting - Body,"Apr 5, 2023","Three weights each leg, sets of 12",2023-04-05
Apr,E18,Curls - Simple - Dumbell,"Apr 5, 2023",Working weight 12.5kg DBs from seated upright position,2023-04-05
Apr,E20,Curls - Overhand - Barbell,"Apr 5, 2023",Working weight 17.5kg,2023-04-05
Apr,E21,Wrist Flexion - Cable,"Apr 5, 2023"," (edited Apr 5, 2023)",2023-04-05
Apr,E21,Wrist Flexion - Cable,"Apr 5, 2023",Working weight 8.75kg done in conjunction with overhand curls,2023-04-05
Apr,E19,Curls - Cable,"Apr 5, 2023",Working weight 21kg focus on form and reps,2023-04-05
Apr,E17,Kneeling Rope Crunch - Cable,"Apr 5, 2023","Working weight 31.5kg, feel like I",2023-04-05
Apr,F14,Pectoral Flys - Cable,"Apr 6, 2023",New working weight 52kg tough,2023-04-06
Apr,F15,Bench Press - Flat - Barbell,"Apr 6, 2023",No spotter working weight 57.5kg for reps of 6,2023-04-06
Apr,F17,Bench Press - Decline - Barbell,"Apr 6, 2023",Working weight 60kg,2023-04-06
Apr,F16,Upper Chest Pullover - Dumbell,"Apr 6, 2023",Working weight 16kg DB for 3 sets,2023-04-06
Apr,F20,ISO Lateral Row - Machine,"Apr 6, 2023","New wide grip working weight 80kg, sacrifice of technique though for 8 reps, consider dropping depending on confidence",2023-04-06
Apr,F20,ISO Lateral Row - Machine,"Apr 6, 2023",Wide grip,2023-04-06
Apr,F21,Lateral Pull Down - Cable,"Apr 6, 2023",Working weight 15,2023-04-06
Apr,F18,Low Pulley Row - Overhand - Cable,"Apr 6, 2023",New working weight 18,2023-04-06
Apr,F19,Face Pull - Cable,"Apr 6, 2023",Working weight 24.5kg,2023-04-06
Apr,H14,Squat - Front - Barbell,"Apr 8, 2023",New working weight 65kg,2023-04-08
Apr,H15,Squat - Back - Barbell,"Apr 8, 2023",Working weight 85kg,2023-04-08
Apr,H16,Good Mornings - Barbell,"Apr 8, 2023",New peak 60kg using much lower bend,2023-04-08
Apr,H17,Oblique Lunges - Plate,"Apr 8, 2023",Working weight 5kg plate 4 sets,2023-04-08
Apr,H18,Leg Press - Machine,"Apr 8, 2023",Primal strength working weight 90kg,2023-04-08
Apr,H20,Calf Raises - Bent Leg - Machine,"Apr 8, 2023",Working weight 20kg,2023-04-08
Apr,H19,Hamstring Curls - Cable,"Apr 8, 2023",New peak 55kg,2023-04-08
Apr,H21,Calf Raises - Barbell,"Apr 8, 2023",Working weight 50kg with a ten under each foot. Can,2023-04-08
Apr,C24,Lateral Raise - Standing - Dumbell,"Apr 10, 2023",Working weight 10kg DBs (fire alarm),2023-04-10
Apr,C25,Front Raises - Dumbell,"Apr 10, 2023",Working weight 10kg DBs,2023-04-10
Apr,C26,Hip Huggers - Dumbell,"Apr 10, 2023",Working weight 20kg DBs,2023-04-10
Apr,C29,Overhead Tricep Extension - One Arm - Dumbell,"Apr 10, 2023",Working weight 8kg DB,2023-04-10
Apr,C28,Tricep Kick-Backs - Dumbell,"Apr 10, 2023","Working weight 7.5kg DB, tough on the left arm",2023-04-10
Apr,C27,Bench Press - Narrow Grip - Barbell,"Apr 10, 2023",Working weight 50kg,2023-04-10
Apr,C30,Tricep Extension Pulldown - Cable,"Apr 10, 2023",Working weight 50kg,2023-04-10
Apr,C30,Tricep Extension Pulldown - Cable,"Apr 10, 2023",Maida numbers not in kg,2023-04-10
Apr,F23,Kneeling Rope Crunch - Cable,"Apr 13, 2023",New working weight 35,2023-04-13
Apr,F24,Crunches - Weighted - Cable,"Apr 13, 2023",Working weight 40,2023-04-13
Apr,F25,Leg Raises - Straight Leg Resting - Body,"Apr 13, 2023","Do bent leg next time, feeling it most in my hip flexors",2023-04-13
Apr,F25,Leg Raises - Straight Leg Resting - Body,"Apr 13, 2023",3 weights each ankle sets of 10 for the first 3,2023-04-13
Apr,F26,Curls - Wide Grip - Barbell,"Apr 13, 2023","Working weight 25kg, 10 reps for first ww set, consider raising to two 10kg plates next week",2023-04-13
Apr,F27,Curls - Concentration - Dumbell,"Apr 13, 2023",Working weight 12kg DB,2023-04-13
Apr,F27,Curls - Concentration - Dumbell,"Apr 13, 2023",Big fan of these,2023-04-13
Apr,F28,Curls - Incline - Dumbell,"Apr 13, 2023",Easier to perform as hammer curls,2023-04-13
Apr,F28,Curls - Incline - Dumbell,"Apr 13, 2023",Biceps exhausted. Working sets of 7 with 12kg DBs,2023-04-13
Apr,F29,Wrist Flexion - Cable,"Apr 13, 2023","Actually a wrist extension l, like a mini curl",2023-04-13
Apr,F29,Wrist Flexion - Cable,"Apr 13, 2023",From below,2023-04-13
Apr,F30,Wrist Flexion - Cable,"Apr 13, 2023",New working weight 11.25,2023-04-13
Apr,F30,Wrist Flexion - Cable,"Apr 13, 2023",From above,2023-04-13
Apr,G23,Squat - Front - Barbell,"Apr 14, 2023",Working weight 65kg (tough),2023-04-14
Apr,G26,Deadlift - Barbell,"Apr 14, 2023",Working weight 70kg,2023-04-14
Apr,G28,Good Mornings - Barbell,"Apr 14, 2023",Working weight 60kg,2023-04-14
Apr,G27,Hamstring Curls - Cable,"Apr 14, 2023",Working weight 10kg per leg,2023-04-14
Apr,G24,Squat - Back - Barbell,"Apr 14, 2023","Working weight 85kg, inc to 90 next time. Managed 10 reps on the last set",2023-04-14
Apr,G29,Calf Raises - Bent Leg - Machine,"Apr 14, 2023",Calf super sets,2023-04-14
Apr,G29,Calf Raises - Bent Leg - Machine,"Apr 14, 2023",Working weight 20kg,2023-04-14
Apr,G30,Calf Raises - Straight Leg - Machine,"Apr 14, 2023",Calf super sets,2023-04-14
Apr,G30,Calf Raises - Straight Leg - Machine,"Apr 14, 2023",Working weight 70kg,2023-04-14
Apr,G25,Oblique Lunges - Plate,"Apr 14, 2023",Working weight 5kg plate,2023-04-14
Apr,H27,ISO Lateral Row - Machine,"Apr 14, 2023",Narrow grip,2023-04-14
Apr,H27,ISO Lateral Row - Machine,"Apr 15, 2023","Working weight 80kg, increase next time",2023-04-15
Apr,H28,Seated Pulley Row - V-Grip - Cable,"Apr 15, 2023",Working weight 16 (tough),2023-04-15
Apr,H30,Abduction Row - Dumbell,"Apr 15, 2023",Working weight 28kg DB (tough),2023-04-15
Apr,H29,Face Pull - Cable,"Apr 15, 2023",Working weight 24.5,2023-04-15
Apr,H23,Bench Press - Lateral - Machine,"Apr 15, 2023",New peak weight 50kg,2023-04-15
Apr,H26,Pectoral Flys - Cable,"Apr 15, 2023",Working weight 52,2023-04-15
Apr,H24,Bench Press - Decline - Barbell,"Apr 15, 2023",6 working set reps at 60kg,2023-04-15
Apr,H25,Bench Press - Incline - Dumbell,"Apr 15, 2023",Working weight 18kg DBs,2023-04-15
Apr,C35,Tricep Kick-Backs - Dumbell,"Apr 17, 2023",3 working super sets with OTE 8kg DB,2023-04-17
Apr,C32,Overhead Tricep Extension - One Arm - Dumbell,"Apr 17, 2023",3 working super sets with OTE 8kg DB,2023-04-17
Apr,C38,Lateral Raise - Standing - Dumbell,"Apr 17, 2023",Working weight 10kg DBs,2023-04-17
Apr,C34,Tricep Extension Pulldown - Cable,"Apr 17, 2023",Just squeaked in a new peak weight 31.25 (only just),2023-04-17
Apr,C33,Rear Extension - V-Bar - Cable,"Apr 17, 2023","Working weight 18.75, have to push hands together for last few reps (tough)",2023-04-17
Apr,C33,Rear Extension - V-Bar - Cable,"Apr 17, 2023",Rope variation,2023-04-17
Apr,C37,Shrugs - Dumbell,"Apr 17, 2023",Ugly working sets 70kg,2023-04-17
Apr,C23,Shoulder Press - Dumbell,"Apr 17, 2023",Working weight 15kg DBs,2023-04-17
Apr,C39,Scoop Press - Dumbell,"Apr 17, 2023",Working weight 12kg DBs,2023-04-17
Apr,C36,Shoulder Press - Dumbell,"Apr 17, 2023",New working weight 16kg DBs,2023-04-17
Apr,D32,Kneeling Rope Crunch - Cable,"Apr 18, 2023",New working weight 36.25,2023-04-18
Apr,D33,Crunches - Weighted - Cable,"Apr 18, 2023",New peak weight 45,2023-04-18
Apr,D34,Leg Raises - Bent Leg Resting - Body,"Apr 18, 2023",Still sore on hip flexors,2023-04-18
Apr,D34,Leg Raises - Bent Leg Resting - Body,"Apr 18, 2023",Working sets of 10 with 4 weights on each ankle,2023-04-18
Apr,D35,Curls - Wide Grip - Barbell,"Apr 18, 2023",New working weight 27.5kg (2 x 10kg plates!),2023-04-18
Apr,D36,Curls - Concentration - Dumbell,"Apr 18, 2023",Fuckin mingin supersets with incline. Working weight 12kg DBs (very tough),2023-04-18
Apr,D37,Curls - Incline - Dumbell,"Apr 18, 2023",Supersets with concentration. Working weight 12kg DBs,2023-04-18
Apr,D38,Seated Pulley Row - V-Grip - Cable,"Apr 18, 2023",Working weight 16,2023-04-18
Apr,D39,Abduction Row - Dumbell,"Apr 18, 2023",Working weight 28kg DB,2023-04-18
Apr,F36,Overhead Tricep Extension - One Arm - Dumbell,"Apr 20, 2023","Working super sets, OTE TKB 8kg DB, increase next time for peak",2023-04-20
Apr,F37,Bench Press - Narrow Grip - Barbell,"Apr 20, 2023",Working weight 50kg,2023-04-20
Apr,F32,Shoulder Press - Dumbell,"Apr 20, 2023",Working weight 16kg DBs,2023-04-20
Apr,F35,Upright Row - Barbell,"Apr 20, 2023","New peak weight 35kg, prefer hip huggers",2023-04-20
Apr,F34,Shrugs - Dumbell,"Apr 20, 2023",New working weight 80kg,2023-04-20
Apr,F38,Rear Extension - V-Bar - Cable,"Apr 20, 2023",3 working sets of 18.75,2023-04-20
Apr,F38,Rear Extension - V-Bar - Cable,"Apr 20, 2023",Rope variation,2023-04-20
Apr,F33,Scoop Press - Dumbell,"Apr 20, 2023",3 working sets with 12kg DBs. WS2:7,2023-04-20
Apr,G32,Low Pulley Row - Overhand - Cable,"Apr 21, 2023",Working weight 18,2023-04-21
Apr,G33,Face Pull - Cable,"Apr 21, 2023",New working weight 28,2023-04-21
Apr,G34,Bent-Over Rows - Barbell,"Apr 21, 2023",New peak weight 60kg,2023-04-21
Apr,G34,Bent-Over Rows - Barbell,"Apr 21, 2023",Underhand,2023-04-21
Apr,G35,Lateral Pull Down - Machine,"Apr 21, 2023",New peak weight 100kg,2023-04-21
Apr,G36,Bench Press - Flat - Barbell,"Apr 21, 2023",Peak weight 60kg for 6 reps (up 2 from last),2023-04-21
Apr,G38,Bench Press - Decline - Barbell,"Apr 21, 2023",New working weight (official) 60kg,2023-04-21
Apr,G37,Upper Chest Pullover - Dumbell,"Apr 21, 2023",New peak weight 18kg DB (easy),2023-04-21
Apr,G39,Pectoral Flys - Cable,"Apr 22, 2023",Working weight 52,2023-04-22
Apr,D41,Overhead Tricep Extension - One Arm - Dumbell,"Apr 25, 2023",Supersets of OTE + TKB working weight 8kg DB,2023-04-25
Apr,D42,Tricep Kick-Backs - Dumbell,"Apr 25, 2023",Supersets of OTE + TKB working weight 8kg DB,2023-04-25
Apr,D43,Rear Extension - V-Bar - Cable,"Apr 25, 2023",Working weight techno gym 20,2023-04-25
Apr,D44,Tricep Extension Pulldown - Cable,"Apr 25, 2023",Working weight techno gym 22.5,2023-04-25
Apr,D45,Lateral Raise - Standing - Dumbell,"Apr 25, 2023",Working weight 10kg DBs,2023-04-25
Apr,D46,Scoop Press - Dumbell,"Apr 25, 2023",WW 10kg DBs,2023-04-25
Apr,D46,Scoop Press - Dumbell,"Apr 25, 2023",Supposed to be WW 12kg DBs,2023-04-25
Apr,D48,Upright Row - Barbell,"Apr 25, 2023",Peak weight techno gym 30,2023-04-25
Apr,D47,Shrugs - Dumbell,"Apr 25, 2023",Working weight techno gym 50,2023-04-25
Aug,E6,Curls - Hammer - Dumbell,8:34PM Aug 2,"Working weight 10kg DB, tried peak 2 higher but failed on left arm",2023-08-02
Aug,E5,Curls - Hammer - Cross Body - Dumbell,8:36PM Aug 2,Working weight 10kg DBs failed 2 higher,2023-08-02
Aug,E7,Curls - Wide Grip - Barbell,8:41PM Aug 2,Working weight 22.5kg starting to feel great with this weight now with this improved form,2023-08-02
Aug,E8,"Lateral Pull Down - Close Grip, Palms Up - Cable",8:56PM Aug 2,Peak weight 14,2023-08-02
Aug,E9,Seated Pulley Row - V-Grip - Cable,8:57PM Aug 2,Working weight 15 (tough but doable),2023-08-02
Aug,E10,ISO Lateral Row - Wide - Machine,9:22PM Aug 2,Working weight 70kg (increase by 5kg),2023-08-02
Aug,E11,Abduction Row - Dumbell,9:23PM Aug 2,Working weight 28kg DB,2023-08-02
Aug,E12,Straight Arm Pushdown - Bar - Cable,9:25PM Aug 2,New peak weight 28,2023-08-02
Aug,E13,Crunches - Weighted - Dumbell,9:36PM Aug 2,Working weight 50,2023-08-02
Aug,C18,Bench Press - Flat - Barbell,5:45PM Aug 7,Working weight 60kg (missed second working set by 3),2023-08-07
Aug,C19,Pectoral Flys - Cable,5:54PM Aug 7,"Working weight 56.5, warmed 2 down instead of the usual 3",2023-08-07
Aug,C20,Bench Press - Decline - Barbell,6:08PM Aug 7,Working weight 62.5kg,2023-08-07
Aug,C15,Shoulder Press - Dumbell,6:42PM Aug 7,Working weight 17.5kg DBs,2023-08-07
Aug,C16,Lateral Raise - Bent Over Bench - Dumbell,6:43PM Aug 7,Working weight 6kg DBs,2023-08-07
Aug,C17,Front Raises - Dumbell,6:43PM Aug 7,Working weight 10kg DB,2023-08-07
Aug,C21,Tricep Extension Pulldown - Bar - Cable,6:55PM Aug 7,Working weight 27.5,2023-08-07
Aug,C22,Rear Extension - Rope - Cable,7:12PM Aug 7,Working weight 13.75,2023-08-07
Aug,C23,Tricep Kick-Backs - Cable,7:12PM Aug 7,Working weight 6.25,2023-08-07
Aug,D15,Curls - Incline - Dumbell,4:47PM Aug 8,Working weight 10kg DB,2023-08-08
Aug,D16,Curls - Concentration - Dumbell,4:47PM Aug 8,Working weight 10kg DB,2023-08-08
Aug,D17,Curls - Cable,4:47PM Aug 8,Working weight 18.75,2023-08-08
Aug,D18,ISO Lateral Row - Neutral - Machine,4:59PM Aug 8,Working weight 90kg,2023-08-08
Aug,D19,Lateral Pull Down - Cable,5:15PM Aug 8,Working weight 16,2023-08-08
Aug,D20,Low Pulley Row - Underhand - Cable,5:15PM Aug 8,"Working weight 15, failed 1 above due to armpit bruise hampering motion",2023-08-08
Aug,D21,Face Pull - Cable,5:24PM Aug 8,Working weight 24.5,2023-08-08
Aug,D22,Straight Arm Pushdown - Rope - Cable,5:24PM Aug 8,Working weight 24.5,2023-08-08
Aug,D23,KB Side Bend - Kettlebell,5:24PM Aug 8,Working weight 24kg KB,2023-08-08
Aug,G15,Squat - Front - Barbell,8:03PM Aug 11,Working weight 65kg increase next time,2023-08-11
Aug,G16,Hamstring Curls - Cable,8:07PM Aug 11,Working weight 30kg (attempted more and failed),2023-08-11
Aug,G17,Squat - Back - Barbell,8:27PM Aug 11,New working weight 92.5kg (very tough),2023-08-11
Aug,G18,Romanian Deadlifts - Barbell,8:55PM Aug 11,80kg working weight,2023-08-11
Aug,G19,Calf Raises - Bent Leg - Machine,8:56PM Aug 11,Working weight 27.5kg,2023-08-11
Aug,G20,Calf Raises - Straight Leg - Machine,8:57PM Aug 11,Working weight 85kg,2023-08-11
Aug,C25,Shoulder Press - Dumbell,6:08PM Aug 14,Working weight 17.5kg DBs,2023-08-14
Aug,C26,Lateral Raise - Bent Over Bench - Dumbell,6:08PM Aug 14,Reduce working weight to 5kg DBs,2023-08-14
Aug,C27,Lateral Raise - Standing - Dumbell,6:08PM Aug 14,Working weight 8kg DBs,2023-08-14
Aug,C28,Front Raises - Dumbell,6:17PM Aug 14,Working weight 10kg DBs,2023-08-14
Aug,C30,Upper Chest Pullover - Dumbell,6:25PM Aug 14,New working weight 18kg DB (tough),2023-08-14
Aug,C32,Tricep Kick-Backs - Cable,6:45PM Aug 14,Missed second set by 1 too,2023-08-14
Aug,C32,Tricep Kick-Backs - Cable,6:41PM Aug 14,Working weight 62.5kg (missed first set by 1),2023-08-14
Aug,C32,Tricep Kick-Backs - Cable,7:01PM Aug 14,(3 working sets),2023-08-14
Aug,C32,Tricep Kick-Backs - Cable,6:54PM Aug 14,Reduced working weight to 5,2023-08-14
Aug,C33,Rear Extension - Rope - Cable,7:09PM Aug 14,Working weight 13.75,2023-08-14
Aug,C29,Bench Press - Flat - Barbell,7:10PM Aug 14,New working weight 62.5kg (missed working set reps by 1),2023-08-14
Aug,C31,Tricep Extension Pulldown - Bar - Cable,7:10PM Aug 14,Reduced working weight to 24.5,2023-08-14
Aug,D25,Curls - Wide Grip - Barbell,8:30PM Aug 15,Working weight 22.5kg,2023-08-15
Aug,D26,Curls - Hammer - Cross Body - Dumbell,8:31PM Aug 15,Working weight 10kg DBs,2023-08-15
Aug,D27,ISO Lateral Row - Wide - Machine,8:41PM Aug 15,Peak weight 75kg,2023-08-15
Aug,D29,Face Pull - Cable,8:48PM Aug 15,Peak weight 28,2023-08-15
Aug,D28,Straight Arm Pushdown - Rope - Cable,8:48PM Aug 15,Working weight 24.5,2023-08-15
Aug,G28,Bench Press - Decline - Barbell,6:31PM Aug 18,Peak weight 65kg,2023-08-18
Aug,G29,Pectoral Flys - Cable,6:39PM Aug 18,Peak weight 56.5,2023-08-18
Aug,G25,Shoulder Press - Dumbell,6:51PM Aug 18,Peak weight 17.5kg DBs,2023-08-18
Aug,G26,Lateral Raise - Bent Over - Dumbell,6:51PM Aug 18,Working weight 6kg DBs,2023-08-18
Aug,G27,Upright Row - Barbell,6:55PM Aug 18,Peak weight 35kg,2023-08-18
Aug,G30,KB Side Bend - Kettlebell,7:14PM Aug 18,Peak weight 24kg KB,2023-08-18
Aug,G31,Rear Extension - Rope - Cable,7:15PM Aug 18,Working weight 13.75,2023-08-18
Aug,G32,Tricep Extension Pulldown - Rope - Cable,7:15PM Aug 18,Peak weight 22.75,2023-08-18
Aug,C40,Bench Press - Lateral - Machine,5:58PM Aug 21,New working weight 55kg,2023-08-21
Aug,C39,Bench Press - Incline - Dumbell,6:10PM Aug 21,Working weight 22kg DBs,2023-08-21
Aug,C38,Hip Huggers - Dumbell,6:22PM Aug 21,Chin up!!!!,2023-08-21
Aug,C38,Hip Huggers - Dumbell,6:20PM Aug 21,Reduced working weight to 16kg KBs,2023-08-21
Aug,C36,Lateral Raise - Standing - Dumbell,6:50PM Aug 21,Working weight 10kg DBs,2023-08-21
Aug,C37,Front Raises - Dumbell,6:51PM Aug 21,Working weight 10kg DBs,2023-08-21
Aug,C35,Military Press - Barbell,6:51PM Aug 21,Working weight 25kg,2023-08-21
Aug,C41,Bench Press - Narrow Grip - Barbell,7:14PM Aug 21,Peak weight 50kg (failed spectacularly on the last rep),2023-08-21
Aug,C42,Rear Extension - Rope - Cable,7:17PM Aug 21,Working weight 13.25,2023-08-21
Aug,C43,Tricep Extension Pulldown - Rope - Cable,7:17PM Aug 21,Reduced working weight to 21 increasing range of motion,2023-08-21
Aug,E35,Curls - Wide Grip - Barbell,6:15PM Aug 23,Working weight 22.5kg,2023-08-23
Aug,E36,Curls - Narrow Grip - Barbell,6:15PM Aug 23,Peak weight 17.5kg,2023-08-23
Aug,E37,Curls - Incline - Dumbell,6:27PM Aug 23,"3 Working sets of 10kg DBs, arms naturally exhausted after the supersets",2023-08-23
Aug,E38,ISO Lateral Row - Neutral - Machine,6:43PM Aug 23,Working weight 90kg,2023-08-23
Aug,E39,Face Pull - Cable,3:32PM Aug 24,Working weight 26.25,2023-08-24
Aug,E40,Straight Arm Pushdown - Rope - Cable,3:32PM Aug 24,Working weight 26.25,2023-08-24
Aug,E41,Romanian Deadlifts - Barbell,3:32PM Aug 24,Working weight 80kg,2023-08-24
Aug,E42,Lateral Pull Down - Machine,3:32PM Aug 24,Working weight 90kg,2023-08-24
Aug,F46,Lateral Raise - Standing - Dumbell,7:09PM Sep 1,Working weight 8kg DBs,2023-09-01
Aug,F47,Front Raises - Dumbell,7:16PM Sep 1,Working weight 10kg DBs,2023-09-01
Aug,F48,Lateral Raise - Bent Over - Dumbell,7:29PM Sep 1,Reduced to 6kg. Trapped a nerve with 2 higher,2023-09-01
Aug,E46,Pectoral Flys - Cable,7:23PM Sep 11,Working weight 49.5 3 working sets,2023-09-11
Aug,E48,Shoulder Press - Dumbell,7:39PM Sep 11,Working weight 15kg,2023-09-11
Aug,E47,Bench Press - Incline - Dumbell,7:49PM Sep 11,Working weight 17.5kg,2023-09-11
Aug,E49,Lateral Raise - Bent Over - Dumbell,7:57PM Sep 11,Working weight 6kg DB,2023-09-11
Aug,E51,Shrugs - Barbell,8:17PM Sep 11,Working weight 50kg,2023-09-11
Aug,E50,Front Raises - Dumbell,8:18PM Sep 11,Working weight 10kg DBs,2023-09-11
Aug,E52,KB Side Bend - Kettlebell,8:26PM Sep 11,24kg KB (tough),2023-09-11
Aug,E53,Crunches - Weighted - Cable,8:26PM Sep 11,Working weight 45kg,2023-09-11
Aug,D45,ISO Lateral Row - Neutral - Machine,7:27AM Sep 19,Working weight 90kg,2023-09-19
Aug,D46,Seated Pulley Row - V-Grip - Cable,7:47AM Sep 19,Working weight 14,2023-09-19
Aug,D47,Lateral Pull Down - Cable,7:48AM Sep 19,Working weight 14,2023-09-19
Aug,D49,Straight Arm Pushdown - Rope - Cable,7:51AM Sep 19,Peak weight 25.75,2023-09-19
Aug,D48,Face Pull - Cable,7:51AM Sep 19,Peak weight 25.75,2023-09-19
Aug,D50,Curls - Wide Grip - Barbell,8:11AM Sep 19,Working weight 20kg,2023-09-19
Aug,D51,Curls - Concentration - Dumbell,8:19AM Sep 19,Scraped a peak weight of 10kg (just),2023-09-19
Aug,D53,Rear Extension - Rope - Cable,5:03PM Sep 20,Working weight 12.75,2023-09-20
Feb,E5,Lateral Pull Down,"Feb 1, 2023",Peak 80kg,2023-02-01
Feb,E10,Shrugs,"Feb 1, 2023",20kg DBs,2023-02-01
Feb,E11,Arnold Press,"Feb 1, 2023",10kg DBs,2023-02-01
Feb,E7,Bent-Over Rows,"Feb 1, 2023",Peak 35kg Barbell,2023-02-01
Feb,E12,Lateral Shoulder Press,"Feb 1, 2023",Peak 30kg,2023-02-01
Feb,E6,Low Pulley Row - Underhand,"Feb 1, 2023","Peak 14, clean reps at 13",2023-02-01
Feb,C15,Bench Press - Flat - Barbell,"Feb 6, 2023",Sets of 4 at 50kg,2023-02-06
Feb,C17,Curls - Hammer - Dumbell,"Feb 6, 2023",*correction - 8-10,2023-02-06
Feb,C17,Curls - Hammer - Dumbell,"Feb 6, 2023","10kg dumbell, sets of 10-12",2023-02-06
Feb,C20,Low Pulley Row - Overhand - Cable,"Feb 6, 2023",Max 15,2023-02-06
Feb,C14,Pectoral Flys - Cable,"Feb 6, 2023",Max 40,2023-02-06
Feb,C18,Curls - Crush - Dumbell,"Feb 6, 2023",Do NOT like these,2023-02-06
Feb,C18,Curls - Crush - Dumbell,"Feb 6, 2023",15kg dumbell,2023-02-06
Feb,C19,Hammer Hold - Dumbell,"Feb 6, 2023",12kg dumbell,2023-02-06
Feb,C19,Hammer Hold - Dumbell,"Feb 6, 2023",Set 1 - 35s each arm,2023-02-06
Feb,C16,Bench Press - Decline - Barbell,"Feb 6, 2023",Max 50kg,2023-02-06
Feb,C21,Lateral Pull Down - Machine,"Feb 6, 2023",Max 80kg,2023-02-06
Feb,D20,Squat - Back - Barbell,"Feb 7, 2023",10/10 did not enjoy myself. Tired squats at a working weight of 50kg,2023-02-07
Feb,D19,Arnold Press - Dumbell,"Feb 7, 2023",10kg dumbells,2023-02-07
Feb,D15,Tricep Extension Pulldown - Cable,"Feb 7, 2023",Working weight 21kg,2023-02-07
Feb,D21,Leg Press - Standing - Machine,"Feb 7, 2023",Working weight 20kg,2023-02-07
Feb,D17,Lateral Shoulder Press - Machine,"Feb 7, 2023",Working weight 30kg,2023-02-07
Feb,D14,Tricep Kick-Backs - Dumbell,"Feb 7, 2023","6kg Dumbells, try 8kg next time",2023-02-07
Feb,D18,Bent Over Lateral Raise - Dumbell,"Feb 7, 2023","5kg dumbells. Not fun, used the ",2023-02-07
Feb,D16,Dips - Body,"Feb 7, 2023",Using flat bench,2023-02-07
Feb,E16,Bench Press - Flat - Dumbell,"Feb 8, 2023",Stuck with 14s,2023-02-08
Feb,E16,Bench Press - Flat - Dumbell,"Feb 8, 2023","Starting with 14kg, very shoulder heavy for a non shoulder day",2023-02-08
Feb,E20,Lateral Pull Down - Machine,"Feb 8, 2023",Working weight 90kg (tough),2023-02-08
Feb,E15,Bench Press - Lateral - Machine,"Feb 8, 2023",40kg working weight,2023-02-08
Feb,E19,Bent-Over Rows - Barbell,"Feb 8, 2023",45kg working weight,2023-02-08
Feb,E14,Bench Press - Incline - Dumbell,"Feb 8, 2023",12kg DBs,2023-02-08
Feb,E21,Face Pull - Cable,"Feb 8, 2023",Working weight 10kg,2023-02-08
Feb,E18,Crunches - Weighted - Cable,"Feb 9, 2023",20kg,2023-02-09
Feb,G15,Bench Press - Narrow Grip - Barbell,"Feb 10, 2023",45kg working weight,2023-02-10
Feb,G18,Arnold Press - Dumbell,"Feb 10, 2023",10kg DBs,2023-02-10
Feb,G20,Curls - Hammer - Dumbell,"Feb 10, 2023",10kg DBs,2023-02-10
Feb,G16,Tricep Extension Pulldown - Cable,"Feb 10, 2023",Max 24.5kg (tough),2023-02-10
Feb,G19,Lateral Shoulder Press - Machine,"Feb 10, 2023",Working weight 40kg,2023-02-10
Feb,G21,Hammer Hold - Dumbell,"Feb 10, 2023",12.5kgs ,2023-02-10
Feb,H14,Bench Press - Flat - Barbell,"Feb 11, 2023",Working weight 50kg,2023-02-11
Feb,H17,Lateral Pull Down - Cable,"Feb 11, 2023",Good for a bicep workout,2023-02-11
Feb,H17,Lateral Pull Down - Cable,"Feb 11, 2023",Working weight 13,2023-02-11
Feb,H15,Pectoral Flys - Cable,"Feb 11, 2023",Working weight 42.5kg,2023-02-11
Feb,H18,Seated Pulley Row - V-Grip - Cable,"Feb 11, 2023",(Wider v grip assuming makes it harder?),2023-02-11
Feb,H18,Seated Pulley Row - V-Grip - Cable,"Feb 11, 2023",Working weight 14,2023-02-11
Feb,H16,Bench Press - Lateral - Machine,"Feb 11, 2023",Working weight 40kg,2023-02-11
Feb,H19,Face Pull - Cable,"Feb 11, 2023",Working weight 12.5kg,2023-02-11
Feb,H20,Crunches - Weighted - Cable,"Feb 11, 2023",Working weight 22.5kg,2023-02-11
Feb,C23,Bench Press - Narrow Grip - Barbell,"Feb 13, 2023","45kg working weight, really feeling it through the slow release",2023-02-13
Feb,C29,Straight Arm Pushdown - Cable,"Feb 13, 2023","Working weight 21kg, tried 24.5kg but only 4 bad reps",2023-02-13
Feb,C29,Straight Arm Pushdown - Cable,"Feb 13, 2023","Love this, making a regular",2023-02-13
Feb,C27,Curls - Hammer - Dumbell,"Feb 13, 2023",10kg DB,2023-02-13
Feb,C25,Tricep Kick-Backs - Dumbell,"Feb 13, 2023",Struggling with the form with my head in the curling bench but doable,2023-02-13
Feb,C25,Tricep Kick-Backs - Dumbell,"Feb 13, 2023",Aiming for sets of 8 with 8kg DBs,2023-02-13
Feb,C26,Hammer Hold - Dumbell,"Feb 13, 2023",12.5kg DB 30-35s sets,2023-02-13
Feb,C30,Bent-Over Rows - Barbell,"Feb 13, 2023","Working weight 45kg, strong sets",2023-02-13
Feb,C24,Tricep Extension Pulldown - Cable,"Feb 13, 2023",Working weight of 24.5kg. Aiming for sets of 8,2023-02-13
Feb,C28,Lateral Pull Down - Machine,"Feb 13, 2023","70x10, 80x8, 90x6, 90x6",2023-02-13
Feb,C28,Lateral Pull Down - Machine,"Feb 14, 2023","Very big on the traps, good to put alongside shoulders",2023-02-14
Feb,D26,Squat - Back - Barbell,"Feb 14, 2023",Working weight 60kg,2023-02-14
Feb,D23,Bench Press - Flat - Barbell,"Feb 14, 2023","Peak 52.5kg, use as working weight next time",2023-02-14
Feb,D27,Squat - Front - Barbell,"Feb 14, 2023",Working weight 40kg,2023-02-14
Feb,D24,Bench Press - Decline - Barbell,"Feb 14, 2023",Working weight 55kg,2023-02-14
Feb,D28,Good Mornings - Barbell,"Feb 14, 2023",Peak 50kg,2023-02-14
Feb,D25,Bench Press - Incline - Dumbell,"Feb 14, 2023",16kg DBs next time,2023-02-14
Feb,D25,Bench Press - Incline - Dumbell,"Feb 14, 2023",Hammer curl friendly bench on the one notch visible. 14kg DBs,2023-02-14
Feb,D29,Crunches - Weighted - Cable,"Feb 14, 2023",25kg working weight 3 sets,2023-02-14
Feb,E25,Lateral Shoulder Press - Machine,"Feb 15, 2023",Working weight 40kg,2023-02-15
Feb,E30,Tricep Extension Pulldown - Cable,"Feb 15, 2023",Working sets of 24.5kg,2023-02-15
Feb,E26,Bent-Over Rows - Barbell,"Feb 15, 2023",Very tough 50kg Working sets,2023-02-15
Feb,E23,Shrugs - Dumbell,"Feb 15, 2023",Working sets of 30kg DBs,2023-02-15
Feb,E27,Seated Pulley Row - V-Grip - Cable,"Feb 15, 2023",Working weight 14,2023-02-15
Feb,E24,Bent Over Lateral Raise - Dumbell,"Feb 15, 2023",Go up a weight next time,2023-02-15
Feb,E24,Bent Over Lateral Raise - Dumbell,"Feb 15, 2023",Lying on bench 5kg DBs,2023-02-15
Feb,E29,Tricep Kick-Backs - Dumbell,"Feb 15, 2023",Short working sets with 7.5kg DBs,2023-02-15
Feb,G25,Bench Press - Decline - Barbell,"Feb 17, 2023",Peak 60kg 4reps,2023-02-17
Feb,G23,Pectoral Flys - Cable,"Feb 17, 2023",Working weight 45kg,2023-02-17
Feb,G26,Curls - Hammer - Dumbell,"Feb 17, 2023",Strained muscle in right forearm. Remove hammer hold for something else,2023-02-17
Feb,G26,Curls - Hammer - Dumbell,"Feb 17, 2023",10kg DBs,2023-02-17
Feb,G24,Bench Press - Flat - Dumbell,"Feb 17, 2023",Next time try 20kg DBs,2023-02-17
Feb,G24,Bench Press - Flat - Dumbell,"Feb 17, 2023",18kg DBs,2023-02-17
Feb,G28,Crunches - Weighted - Cable,"Feb 17, 2023",Working weight 27.5kg,2023-02-17
Feb,G29,Crunches - Weighted - Dumbell,"Feb 17, 2023","4kg Medicine ball, feet under 30kg bag",2023-02-17
Feb,B39,Tricep Extension Pulldown - Cable,"Feb 19, 2023",Working sets of 24.5kg,2023-02-19
Feb,B32,Lateral Pull Down - Machine,"Feb 19, 2023",Warm up sets of holding 50kg at the bottom of the rep for 5 reps,2023-02-19
Feb,B32,Lateral Pull Down - Machine,"Feb 19, 2023",Working sets of 90kg,2023-02-19
Feb,B38,Bench Press - Narrow Grip - Barbell,"Feb 19, 2023",(On the edge),2023-02-19
Feb,B38,Bench Press - Narrow Grip - Barbell,"Feb 19, 2023",Working reps of 50kg,2023-02-19
Feb,B38,Bench Press - Narrow Grip - Barbell,"Feb 19, 2023",10,2023-02-19
Feb,B33,Seated Pulley Row - V-Grip - Cable,"Feb 19, 2023",Working sets of 14,2023-02-19
Feb,B35,Arnold Press - Dumbell,"Feb 19, 2023",7 for the second,2023-02-19
Feb,B35,Arnold Press - Dumbell,"Feb 19, 2023","12kg DBs, inc from 10kg, difficult but managed 8 reps for first set",2023-02-19
Feb,B36,Lateral Shoulder Press - Machine,"Feb 19, 2023",Potentially strained rear delt (?) don,2023-02-19
Feb,B34,Face Pull - Cable,"Feb 19, 2023",Go up to 15kg next time,2023-02-19
Feb,B34,Face Pull - Cable,"Feb 19, 2023",Working weight 12.5kg,2023-02-19
Feb,C34,Bench Press - Flat - Barbell,"Feb 20, 2023",Peak 55kg 2x4,2023-02-20
Feb,C39,Squat - Back - Barbell,"Feb 20, 2023",Working weight 62.5kg,2023-02-20
Feb,C33,Bench Press - Lateral - Machine,"Feb 20, 2023",Peak 45kg,2023-02-20
Feb,C38,Squat - Front - Barbell,"Feb 20, 2023",Working weight 42.5kg,2023-02-20
Feb,C35,Curls - Simple - Barbell,"Feb 20, 2023",Working weight 20kg (inc 7.5kg cambered bar),2023-02-20
Feb,C32,Bench Press - Incline - Dumbell,"Feb 20, 2023","Non hammer friendly bench, 4 notches from the top. 16kg DBs, tough, first set 8 reps",2023-02-20
Feb,C36,Hammer Hold - Dumbell,"Feb 20, 2023","12kg DBs, aiming for sets of 40s",2023-02-20
Feb,C37,Good Mornings - Barbell,"Feb 20, 2023",Working weight 50kg,2023-02-20
Feb,E37,Lateral Raise - Standing - Dumbell,"Feb 20, 2023","Torture the side delt, lots of sets to failure",2023-02-20
Feb,E32,Straight Arm Pushdown - Cable,"Feb 22, 2023",Increase next time,2023-02-22
Feb,E32,Straight Arm Pushdown - Cable,"Feb 22, 2023",Working weight 21.25kg,2023-02-22
Feb,E36,Arnold Press - Dumbell,"Feb 22, 2023",12kg DBs managing reps of 8-10,2023-02-22
Feb,E33,Face Pull - Cable,"Feb 22, 2023",Working weight 18.75kg,2023-02-22
Feb,E37,Lateral Raise - Standing - Dumbell,"Feb 22, 2023",2 sets at 7.5kg DBs,2023-02-22
Feb,E37,Lateral Raise - Standing - Dumbell,"Feb 22, 2023","More sets than standard, high raises 5kg DBs. Up the weight next time",2023-02-22
Feb,E34,Bent-Over Rows - Barbell,"Feb 22, 2023",Working sets of 55kg,2023-02-22
Feb,E35,Shrugs - Dumbell,"Feb 22, 2023","Peak barbell weight 70kg, hardest part is grip. Use as working sets next time",2023-02-22
Feb,E39,Crunches - Weighted - Cable,"Feb 22, 2023",25kg,2023-02-22
Feb,F33,Bench Press - Flat - Dumbell,"Feb 23, 2023",New PB 20kg DBs 10 in first set,2023-02-23
Feb,F37,Tricep Kick-Backs - Dumbell,"Feb 23, 2023",Standing bent over with 8kg DBs sets of 8,2023-02-23
Feb,F32,Bench Press - Decline - Barbell,"Feb 23, 2023",Working weight 55kg,2023-02-23
Feb,F38,Curls - Simple - Barbell,"Feb 23, 2023",(7.5kg cambered bar included),2023-02-23
Feb,F38,Curls - Simple - Barbell,"Feb 23, 2023",22.5kg PB for sets of 8,2023-02-23
Feb,F36,Tricep Extension Pulldown - Cable,"Feb 23, 2023",Tough working sets of 26.25kg,2023-02-23
Feb,F34,Pectoral Flys - Cable,"Feb 23, 2023",New working weight pb 47kg,2023-02-23
Feb,F39,Curls - Hammer - Dumbell,"Feb 23, 2023",Half reps on the curling bench trying to avoid that forarm strain. 10kg DBs,2023-02-23
Feb,F35,Dips - Body,"Feb 23, 2023",Sets of 12,2023-02-23
Feb,C44,Tricep Extension Pulldown - Cable,"Feb 24, 2023",This should be done with an underhand grip,2023-02-24
Feb,C46,Incline DB Power Bomb - Dumbell,"Feb 24, 2023",Bring the elbows close together,2023-02-24
Feb,C45,Tricep Kick-Backs - Dumbell,"Feb 24, 2023",Get the elbows behind the back,2023-02-24
Feb,C42,Bench Press - Lateral - Machine,"Feb 27, 2023",Working weight 45kg,2023-02-27
Feb,C44,Tricep Extension Pulldown - Cable,"Feb 27, 2023",Working weight 23.75kg (dropped),2023-02-27
Feb,C44,Tricep Extension Pulldown - Cable,"Feb 27, 2023","Tried underhand, not great for the wrists",2023-02-27
Feb,C47,Curls - Simple - Barbell,"Feb 27, 2023",22.5kg aiming for sets of 10,2023-02-27
Feb,C43,Bench Press - Decline - Barbell,"Feb 27, 2023",Working weight 55kg,2023-02-27
Feb,C46,Incline DB Power Bomb - Dumbell,"Feb 27, 2023",Fucking hard. Especially to put down,2023-02-27
Feb,C46,Incline DB Power Bomb - Dumbell,"Feb 27, 2023",Upgraded to 15kg DB,2023-02-27
Feb,C46,Incline DB Power Bomb - Dumbell,"Feb 27, 2023",Getting used to the motion 12.5kg DB,2023-02-27
Feb,C48,Curls - Hammer - Dumbell,"Feb 27, 2023",Peak 12.5kg DB for 8 reps,2023-02-27
Feb,C41,Bench Press - Incline - Dumbell,"Feb 27, 2023",Probably from bad tech on the power bombs,2023-02-27
Feb,C41,Bench Press - Incline - Dumbell,"Feb 27, 2023",16kg DBs 1 notch from the bottom on non curl friendly bench. Feel like I can manage more but got a twinge in my right elbow,2023-02-27
Feb,C45,Tricep Kick-Backs - Dumbell,"Feb 27, 2023","Knelt on the bench with 7.5kg DB, much harder when pinning the arm behind my back",2023-02-27
Jul,C15,Curls - Wide Grip - Barbell,6:59PM Jul 3,Working weight 22.5kg,2023-07-03
Jul,C16,Curls - Incline - Dumbell,7:11PM Jul 3,Working weight 12kg (only just after wide grip),2023-07-03
Jul,C17,Curls - Concentration - Dumbell,7:11PM Jul 3,Lowered working weight to 10kg DBs,2023-07-03
Jul,C21,Seated Pulley Row - V-Grip - Cable,7:28PM Jul 3,Working weight 15,2023-07-03
Jul,C22,Lateral Pull Down - Cable,7:28PM Jul 3,Working weight 16,2023-07-03
Jul,C19,Straight Arm Pushdown - Rope - Cable,7:39PM Jul 3,Working weight 24.5,2023-07-03
Jul,C20,Face Pull - Cable,7:39PM Jul 3,Lowered working weight to 28 (sketchy elbow),2023-07-03
Jul,C18,Abduction Row - Dumbell,8:00PM Jul 3,Working weight 28kg DB,2023-07-03
Jul,C23,Crunches - Weighted - Cable,8:05PM Jul 3,Working weight 50,2023-07-03
Jul,D15,Shoulder Press - Dumbell,5:56PM Jul 4,Working weight 16kg DBs,2023-07-04
Jul,D17,Lateral Raise - Bent Over Bench - Dumbell,6:08PM Jul 4,Working weight 6kg DBs,2023-07-04
Jul,D16,Front Raises - Dumbell,6:29PM Jul 4,Working weight 10kg DB,2023-07-04
Jul,D18,Bench Press - Flat - Barbell,6:30PM Jul 4,Working weight 60kg (hope snuck 6 reps of 2.5kg more out of me),2023-07-04
Jul,D19,Pectoral Flys - Cable,6:48PM Jul 4,Working weight 56.5kg,2023-07-04
Jul,D20,Bench Press - Incline - Dumbell,7:03PM Jul 4,Working weight 22kg DBs,2023-07-04
Jul,D22,Rear Extension - Rope - Cable,7:17PM Jul 4,Working weight 13.75,2023-07-04
Jul,D21,Tricep Kick-Backs - Cable,7:22PM Jul 4,New peak weight 6.75,2023-07-04
Jul,D23,Crunches - Weighted - Dumbell,7:32PM Jul 4,Working weight 50,2023-07-04
Jul,G15,Curls - Incline - Dumbell,6:26PM Jul 7,Working weight 12kg DBs (have to split up the working sets),2023-07-07
Jul,G16,Curls - Concentration - Dumbell,6:26PM Jul 7,Working weight 12kg DBs (have to split up the working sets),2023-07-07
Jul,G17,Curls - Wide Grip - Barbell,6:37PM Jul 7,3 working sets of 22.5kg,2023-07-07
Jul,G19,Chin Ups - Body,6:57PM Jul 7,Sets of roughly 6,2023-07-07
Jul,G18,Straight Arm Pushdown - Bar - Cable,6:57PM Jul 7,Working weight 25.75,2023-07-07
Jul,G22,Abduction Row - Dumbell,7:26PM Jul 7,Working weight 28kg DBs,2023-07-07
Jul,G23,Crunches - Weighted - Cable,7:26PM Jul 7,Working weight lowered to 47.5 for form,2023-07-07
Jul,G21,Lateral Pull Down - Machine,7:36PM Jul 7,Lowered working weight to 90kg for form,2023-07-07
Jul,G20,ISO Lateral Row - Wide - Machine,7:44PM Jul 7,Started performing one handed,2023-07-07
Jul,H15,Squat - Front - Barbell,9:53AM Jul 8,Working weight 65kg (increase by 2.5kg next time),2023-07-08
Jul,H16,Squat - Back - Barbell,10:06AM Jul 8,"Failed first set of ww, could barely manage 2 at 90kg. Bad day but should still drop to 85kg",2023-07-08
Jul,H19,Calf Raises - Bent Leg - Machine,10:09AM Jul 8,New working weight 27.5kg (tough),2023-07-08
Jul,H20,Calf Raises - Straight Leg - Machine,10:14AM Jul 8,Working weight 85kg,2023-07-08
Jul,H18,Leg Extensions - Machine,10:21AM Jul 8,Working weight 25kg,2023-07-08
Jul,H17,Hamstring Curls - Cable,10:39AM Jul 8,Lowered working weight to 30kg to account for new butt clenching form,2023-07-08
Jul,C25,Shoulder Press - Dumbell,6:11PM Jul 10,New peak weight!!!!! 17.5kg DB,2023-07-10
Jul,C26,Front Raises - Dumbell,6:11PM Jul 10,Front raises working weight 10kg DB,2023-07-10
Jul,C28,Bench Press - Decline - Barbell,6:40PM Jul 10,Working weight 62.5kg,2023-07-10
Jul,C30,Pectoral Flys - Cable,6:50PM Jul 10,Working weight 56.5,2023-07-10
Jul,C29,Upper Chest Pullover - Dumbell,6:55PM Jul 10,"Lowered working weight to 16kg, can",2023-07-10
Jul,C31,Dips - Body,7:06PM Jul 10,"8,6,5,5",2023-07-10
Jul,C32,Tricep Extension Pulldown - Rope - Cable,7:13PM Jul 10,Working weight 24.5,2023-07-10
Jul,C33,Rear Extension - Rope - Cable,7:13PM Jul 10,Working weight 13.75,2023-07-10
Jul,C27,Upright Row - Barbell,10:02AM Jul 11,Working weight 35kg,2023-07-11
Jul,D27,Curls - Overhand - Barbell,6:04PM Jul 11,"Working weight 22.5kg, very tough with stricter form",2023-07-11
Jul,D25,Curls - Hammer - Cross Body - Dumbell,6:38PM Jul 11,Working weight 12kg DB,2023-07-11
Jul,D26,Curls - Incline - Dumbell,6:39PM Jul 11,Working weight 12kg DB,2023-07-11
Jul,D28,Chin Ups - Body,6:45PM Jul 11,Sets of 6,2023-07-11
Jul,D29,Straight Arm Pushdown - Bar - Cable,6:46PM Jul 11,New working weight 28,2023-07-11
Jul,D29,Straight Arm Pushdown - Bar - Cable,6:38PM Jul 11,Started using big attachment (makes 2.5kg lighter),2023-07-11
Jul,D30,ISO Lateral Row - Neutral - Machine,7:05PM Jul 11,Working weight 90kg (tough),2023-07-11
Jul,D31,Lateral Pull Down - Cable,7:18PM Jul 11,Working weight 16,2023-07-11
Jul,D32,Low Pulley Row - Underhand - Cable,7:18PM Jul 11,Working weight 16,2023-07-11
Jul,D33,Crunches - Weighted - Dumbell,7:34PM Jul 11,3 working sets of 10kg,2023-07-11
Jul,E25,Squat - Back - Barbell,6:46PM Jul 12,Working weight 90kg,2023-07-12
Jul,E26,Romanian Deadlifts - Barbell,6:55PM Jul 12,New peak weight 77.5kg,2023-07-12
Jul,E28,Squat - Front - Barbell,7:15PM Jul 12,Peak weight 67.5kg (tough),2023-07-12
Jul,E29,Hamstring Curls - Cable,7:21PM Jul 12,"Pulled left hamstring slightly with one of the above, probably RDLs. Annoying as I felt I",2023-07-12
Jul,E33,KB Side Bend - Kettlebell,7:24PM Jul 12,3 working sets of 20kg,2023-07-12
Jul,E32,Crunches - Weighted - Dumbell,7:39PM Jul 12,Peak weight 15kg,2023-07-12
Jul,E27,Leg Extensions - Machine,7:42PM Jul 12,New working weight 35kg (10kg increase ,2023-07-12
Jul,E30,Calf Raises - Bent Leg - Machine,8:15PM Jul 12,Working weight 27.5kg,2023-07-12
Jul,E31,Calf Raises - Straight Leg - Machine,8:15PM Jul 12,Working weight 85kg,2023-07-12
Jul,C35,Shoulder Press - Dumbell,6:49PM Jul 17,Working weight 15kg DBs,2023-07-17
Jul,C36,Upright Row - Barbell,6:57PM Jul 17,Working weight 30kg,2023-07-17
Jul,C37,Bench Press - Lateral - Machine,7:12PM Jul 17,Working weight 45kg,2023-07-17
Jul,C38,Pectoral Flys - Cable,7:31PM Jul 17,Working weight 47,2023-07-17
Jul,C39,Tricep Extension Pulldown - Rope - Cable,7:32PM Jul 17,Working weight 18.75,2023-07-17
Jul,C40,Rear Extension - Rope - Cable,7:32PM Jul 17,Working weight 11.25,2023-07-17
Jul,D35,Curls - Incline - Dumbell,6:07PM Jul 18,Working weight 10kg DBs,2023-07-18
Jul,D36,Curls - Concentration - Dumbell,6:07PM Jul 18,Working weight 10kg DBs,2023-07-18
Jul,D38,Chin Ups - Body,6:15PM Jul 18,Sets of 6,2023-07-18
Jul,D39,Straight Arm Pushdown - Bar - Cable,6:15PM Jul 18,Working weight 23.75,2023-07-18
Jul,D37,ISO Lateral Row - Wide - Machine,6:26PM Jul 18,Working weight 70kg (actually pretty tough),2023-07-18
Jul,D40,KB Side Bend - Kettlebell,6:26PM Jul 18,Working weight 20kg KB,2023-07-18
Jul,E35,Squat - Front - Barbell,6:42PM Jul 19,New working weight 67.5kg,2023-07-19
Jul,E37,Leg Extensions - Machine,6:49PM Jul 19,New peak weight 40kg,2023-07-19
Jul,E36,Hamstring Curls - Cable,7:06PM Jul 19,Working weight 30kg,2023-07-19
Jul,E40,Calf Raises - Straight Leg - Machine,7:09PM Jul 19,Working weight 85kg,2023-07-19
Jul,E39,Calf Raises - Bent Leg - Machine,7:14PM Jul 19,Working weight 27.5kg,2023-07-19
Jul,E38,Crunches - Weighted - Cable,7:21PM Jul 19,Working weight 50,2023-07-19
Jul,G35,Shoulder Press - Dumbell,6:34PM Jul 21,Working weight 17.5kg DBs,2023-07-21
Jul,G36,Lateral Raise - Bent Over Bench - Dumbell,6:42PM Jul 21,Working weight 6kg DBs,2023-07-21
Jul,G37,Lateral Raise - Standing - Dumbell,6:43PM Jul 21,Lowered working weight to 8kg DBs,2023-07-21
Jul,G38,Bench Press - Decline - Barbell,7:02PM Jul 21,Working weight 62.5kg,2023-07-21
Jul,G39,Pectoral Flys - Cable,7:12PM Jul 21,Working weight 56.5,2023-07-21
Jul,G43,Tricep Extension Pulldown - Bar - Cable,7:26PM Jul 21,New working weight 28,2023-07-21
Jul,G42,Rear Extension - Rope - Cable,7:36PM Jul 21,Working weight 13.75,2023-07-21
Jul,G41,Tricep Kick-Backs - Cable,7:36PM Jul 21,Working weight 6.25,2023-07-21
Jul,G40,Bench Press - Incline - Dumbell,7:47PM Jul 21,Working weight 22kg DBs (v tough),2023-07-21
Jul,B45,Curls - Incline - Dumbell,4:21PM Jul 23,Working weight 10kg DBs,2023-07-23
Jul,B46,Curls - Concentration - Dumbell,4:21PM Jul 23,Working weight 10kg DBs,2023-07-23
Jul,B47,Curls - Wide Grip - Barbell,4:21PM Jul 23,Working weight 22.5kg,2023-07-23
Jul,B48,Chin Ups - Body,4:34PM Jul 23,Can,2023-07-23
Jul,B49,Bent-Over Rows - Barbell,4:34PM Jul 23,Working weight 45kg (failed 60kg due to tiredness),2023-07-23
Jul,E45,Shoulder Press - Dumbell,5:52PM Jul 26,Working weight 17.5kg DBs (tough),2023-07-26
Jul,E46,Lateral Raise - Bent Over Bench - Dumbell,5:56PM Jul 26,3 working sets of 6kg DBS,2023-07-26
Jul,E47,Upright Row - Barbell,6:03PM Jul 26,Working weight 35kg,2023-07-26
Jul,E48,Bench Press - Incline - Dumbell,6:13PM Jul 26,Working weight 22kg DBs,2023-07-26
Jul,E50,Bench Press - Lateral - Machine,6:49PM Jul 26,New working weight 55kg,2023-07-26
Jul,E49,Pectoral Flys - Cable,6:50PM Jul 26,Working weight 56.5 (tough),2023-07-26
Jul,E51,Dips - Body,6:55PM Jul 26,Sets of 6,2023-07-26
Jul,E53,Tricep Extension Pulldown - Rope - Cable,7:01PM Jul 26,Working weight 13.75,2023-07-26
Jul,E52,Rear Extension - Rope - Cable,7:03PM Jul 26,Reduced working weight to 23.75,2023-07-26
Jul,B55,Curls - Incline - Dumbell,2:50PM Jul 30,Working weight 10kg DBs,2023-07-30
Jul,B57,Curls - Wide Grip - Barbell,2:59PM Jul 30,Working weight 22.5kg,2023-07-30
Jul,B58,ISO Lateral Row - Neutral - Machine,3:25PM Jul 30,Working weight 90kg,2023-07-30
Jul,B56,Curls - Concentration - Dumbell,3:41PM Jul 30,Working weight 10kg DB,2023-07-30
Jul,B59,Low Pulley Row - Overhand - Cable,3:41PM Jul 30,Working weight 17,2023-07-30
Jul,B60,Lateral Pull Down - Cable,3:42PM Jul 30,Working weight 16,2023-07-30
Jul,B61,Face Pull - Cable,3:56PM Jul 30,"Further reduced weight to 24.5, not holding form",2023-07-30
Jul,B62,Straight Arm Pushdown - Rope - Cable,3:57PM Jul 30,Working weight 24.5,2023-07-30
Jul,B63,Crunches - Weighted - Cable,3:57PM Jul 30,Working weight 50,2023-07-30
Jul,C55,Front Raises - Dumbell,4:52PM Jul 31,Working weight 10kg DBs,2023-07-31
Jul,C56,Lateral Raise - Standing - Dumbell,4:52PM Jul 31,Working weight 8kg DBs,2023-07-31
Jul,C57,Shoulder Press - Dumbell,5:08PM Jul 31,"Tired after superset (planned), meant I could only manage 7 reps in first working set",2023-07-31
Jul,C60,Upper Chest Pullover - Dumbell,5:25PM Jul 31,Increased Working weight 17.5kg DB,2023-07-31
Jul,C58,Bench Press - Flat - Barbell,5:33PM Jul 31,Working weight 60kg,2023-07-31
Jul,C59,Bench Press - Decline - Barbell,5:53PM Jul 31,Working weight 62.5kg (missed second working set by 3),2023-07-31
Jul,C61,Tricep Kick-Backs - Cable,6:07PM Jul 31,Working weight 6.25,2023-07-31
Jul,C62,Rear Extension - Rope - Cable,6:08PM Jul 31,Working weight 13.75,2023-07-31
Jun,G5,Pectoral Flys - Cable,"Jun 2, 2023",Working weight 54,2023-06-02
Jun,G6,Bench Press - Flat - Barbell,"Jun 2, 2023",Working weight 60kg (6 reps set 1),2023-06-02
Jun,G7,Bench Press - Incline - Barbell,"Jun 2, 2023","Working weight 18kg DBs, increase next time",2023-06-02
Jun,G8,Tricep Kick-Backs - Dumbell,"Jun 2, 2023",Working weight 10kg DBs,2023-06-02
Jun,G10,Tricep Extension Pulldown - Rope - Cable,"Jun 2, 2023","Attempted 25, failed, dropping to 23.75",2023-06-02
Jun,G9,Rear Extension - Rope - Cable,"Jun 2, 2023",Working weight 13.75,2023-06-02
Jun,G12,Curls - Incline - Dumbell,"Jun 2, 2023",Working weight 12kg DBs,2023-06-02
Jun,G13,Curls - Concentration - Dumbell,"Jun 2, 2023",Working weight increased back to 12kg DB,2023-06-02
Jun,G11,Crunches - Weighted - Cable,"Jun 4, 2023",Working weight 45,2023-06-04
Jun,B15,Shoulder Press - Dumbell,"Jun 4, 2023",Working weight 16kg DBs,2023-06-04
Jun,B16,Lateral Raise - Standing - Dumbell,"Jun 4, 2023",Working weight 10kg DBs,2023-06-04
Jun,B17,Lateral Raise - Bent Over - Dumbell,"Jun 4, 2023",Working weight 12.5kg DBs,2023-06-04
Jun,B18,Shrugs - Barbell,"Jun 4, 2023",New working weight 85kg,2023-06-04
Jun,B20,Face Pull - Cable,"Jun 4, 2023",Working weight 28,2023-06-04
Jun,B19,Straight Arm Pushdown - Rope - Cable,"Jun 4, 2023",Reduced working weight to 24.5 due to inadequate form,2023-06-04
Jun,B21,Abduction Row - Dumbell,"Jun 4, 2023",Working weight 28kg DB,2023-06-04
Jun,B22,Low Pulley Row - Underhand - Cable,"Jun 4, 2023",Working weight 16,2023-06-04
Jun,B23,Lateral Pull Down - Cable,"Jun 4, 2023",New peak weight 16,2023-06-04
Jun,C16,Calf Raises - Straight Leg - Machine,"Jun 5, 2023",New working weight 85kg (sets of 12),2023-06-05
Jun,C15,Calf Raises - Bent Leg - Machine,"Jun 5, 2023","Working weight 25kg, increase next time",2023-06-05
Jun,C19,Squat - Front - Barbell,"Jun 5, 2023",Working weight 65kg,2023-06-05
Jun,C17,Wrist Flexion - Cable,"Jun 5, 2023",Working weight 21,2023-06-05
Jun,C18,Wrist Extension - Cable,"Jun 5, 2023",Working weight 21,2023-06-05
Jun,C20,Squat - Back - Barbell,"Jun 5, 2023",New working weight 90kg,2023-06-05
Jun,C21,Hamstring Curls - Cable,"Jun 5, 2023",New working weight 37.5kg (tough),2023-06-05
Jun,C22,Romanian Deadlifts - Barbell,"Jun 5, 2023",New working weight 75kg,2023-06-05
Jun,C23,Crunches - Weighted - Cable,"Jun 5, 2023",Working weight 45,2023-06-05
Jun,D15,Bench Press - Lateral - Machine,"Jun 6, 2023",New peak weight 55kg,2023-06-06
Jun,D16,Bench Press - Incline - Dumbell,"Jun 6, 2023",New working weight 22kg DBs,2023-06-06
Jun,D17,Pectoral Flys - Cable,"Jun 6, 2023",Working weight 54,2023-06-06
Jun,D23,Dips - Body,"Jun 6, 2023",Set 4 - 7,2023-06-06
Jun,D23,Dips - Body,"Jun 6, 2023","Set 3 - 8 (chest up, better tech)",2023-06-06
Jun,D23,Dips - Body,"Jun 6, 2023",Set 2 - 7 (leaning over),2023-06-06
Jun,D23,Dips - Body,"Jun 6, 2023",Proper dips!!!!! Set 1 - 6,2023-06-06
Jun,D21,Tricep Kick-Backs - Dumbell,"Jun 6, 2023",Working weight 10kg DBs,2023-06-06
Jun,D22,Overhead Tricep Extension - One Arm - Dumbell,"Jun 6, 2023",Working weight 10kg DBs (tough),2023-06-06
Jun,D18,Curls - Wide Grip - Barbell,"Jun 6, 2023",Working weight 27.5kg,2023-06-06
Jun,D20,Curls - Incline - Dumbell,"Jun 6, 2023",Working weight 12.5kg (bloody tough final set with the supersets),2023-06-06
Jun,D19,Curls - Hammer - Cross Body - Dumbell,"Jun 6, 2023",Working weight 10kg DBs,2023-06-06
Jun,B25,Shoulder Press - Dumbell,"Jun 11, 2023",Working weight 16kg DBs,2023-06-11
Jun,B26,Front Raises - Dumbell,"Jun 11, 2023","Working weight 10kg DBs, warm ups being 10 reps each set minimum",2023-06-11
Jun,B27,Lateral Raise - Bent Over - Dumbell,"Jun 11, 2023",Working weight 12.5kg DBs,2023-06-11
Jun,B28,Hip Huggers - Dumbell,"Jun 11, 2023",Lowered working weight back to 20kg DBs,2023-06-11
Jun,B29,Straight Arm Pushdown - Rope - Cable,"Jun 11, 2023",Working weight 24.5,2023-06-11
Jun,B30,Face Pull - Cable,"Jun 11, 2023","Working weight 28, tried higher to no avail",2023-06-11
Jun,B31,ISO Lateral Row - Neutral - Machine,"Jun 11, 2023",Working weight 90kg (tough),2023-06-11
Jun,B32,Low Pulley Row - Overhand - Cable,"Jun 11, 2023",Lowered working weight 17,2023-06-11
Jun,B33,Lateral Pull Down - Cable,"Jun 11, 2023",Working weight 16,2023-06-11
Jun,C25,Bench Press - Flat - Barbell,"Jun 12, 2023",Reduced working weight to 57.5kg,2023-06-12
Jun,C26,Pectoral Flys - Cable,"Jun 12, 2023",Working weight 54,2023-06-12
Jun,C27,Bench Press - Decline - Barbell,"Jun 12, 2023",Lowered working weight to 60kg,2023-06-12
Jun,C28,Curls - Incline - Dumbell,"Jun 12, 2023",Working weight 12.5kg DBs,2023-06-12
Jun,C29,Curls - Concentration - Dumbell,"Jun 12, 2023",Working weight 12.5kg DBs,2023-06-12
Jun,C31,Rear Extension - Rope - Cable,"Jun 12, 2023","Working weight 13.75, inc next time",2023-06-12
Jun,C32,Tricep Extension Pulldown - Rope - Cable,"Jun 12, 2023",Working weight 24.5 (very tough),2023-06-12
Jun,C30,Crunches - Weighted - Cable,"Jun 12, 2023",Working weight 45,2023-06-12
Jun,C33,Dips - Body,"Jun 12, 2023","5,6,7,6",2023-06-12
Jun,E25,Romanian Deadlifts - Barbell,"Jun 14, 2023",New working weight 80kg with grips,2023-06-14
Jun,E26,Squat - Front - Barbell,"Jun 14, 2023",Working weight 65kg,2023-06-14
Jun,E27,Squat - Back - Barbell,"Jun 14, 2023",Working weight 90kg (Shakey legs),2023-06-14
Jun,E28,Hack Squat - Machine,"Jun 14, 2023",Working weight 50kg (tough),2023-06-14
Jun,E31,Crunches - Weighted - Cable,"Jun 14, 2023",New peak weight 47.5,2023-06-14
Jun,E32,Crunches - Weighted - Dumbell,"Jun 14, 2023",Working weight 10kg,2023-06-14
Jun,E29,Calf Raises - Bent Leg - Machine,"Jun 14, 2023",Working weight 25kg,2023-06-14
Jun,E30,Calf Raises - Straight Leg - Machine,"Jun 14, 2023",Working weight 85kg,2023-06-14
Jun,E33,DB Walk,"Jun 14, 2023",24kg KB,2023-06-14
Jun,G26,Shoulder Press - Dumbell,"Jun 16, 2023",Peak weight 16kg DB,2023-06-16
Jun,G25,Scoop Press - Dumbell,"Jun 16, 2023",Working weight 12kg DBs failed due to doing shoulder press first. Also didn,2023-06-16
Jun,G27,Upright Row - Barbell,"Jun 16, 2023","Left shoulder feeling a bit tweaky. Working weight 35kg, if shoulder feels strong increase next time",2023-06-16
Jun,G28,Shrugs - Barbell,"Jun 16, 2023",Working weight 85kg (grips),2023-06-16
Jun,G29,Bent-Over Rows - Barbell,"Jun 16, 2023",Seemed to have niggled something in my left shoulder-blade again,2023-06-16
Jun,G29,Bent-Over Rows - Barbell,"Jun 16, 2023",Working weight 60kg (tough without grips),2023-06-16
Jun,H25,Bench Press - Flat - Barbell,"Jun 17, 2023",Working weight 60kg,2023-06-17
Jun,H27,Pectoral Flys - Cable,"Jun 17, 2023",Left shoulder did not feel good here,2023-06-17
Jun,H27,Pectoral Flys - Cable,"Jun 17, 2023",Working weight 54,2023-06-17
Jun,H26,Bench Press - Decline - Barbell,"Jun 17, 2023",Working weight 62.5kg,2023-06-17
Jun,H28,Curls - Incline - Dumbell,"Jun 17, 2023",Working weight 12.5kg DBs,2023-06-17
Jun,E33,DB Walk,"Jun 17, 2023","Tweaked left shoulder, work up to the 24kg KB",2023-06-17
Jun,H29,Curls - Wide Grip - Barbell,"Jun 17, 2023",Working weight 27.5kg,2023-06-17
Jun,H30,Curls - Overhand - Barbell,"Jun 17, 2023",Working weight 22.5kg,2023-06-17
Jun,H33,Rear Extension - Rope - Cable,"Jun 17, 2023",New peak weight 15,2023-06-17
Jun,H32,Overhead Tricep Extension - One Arm - Dumbell,"Jun 17, 2023",Lowered working weight to 8kg DB,2023-06-17
Jun,H31,Tricep Kick-Backs - Dumbell,"Jun 17, 2023",Working weight 10kg,2023-06-17
Jun,C35,Squat - Front - Barbell,"Jun 19, 2023",New peak weight 67.5kg,2023-06-19
Jun,C36,Squat - Back - Barbell,"Jun 19, 2023",Working weight 90kg,2023-06-19
Jun,C37,Hamstring Curls - Cable,"Jun 19, 2023",Working weight 35kg,2023-06-19
Jun,C38,Leg Extensions - Machine,"Jun 19, 2023",Peak weight 25kg,2023-06-19
Jun,C42,Crunches - Weighted - Cable,"Jun 19, 2023",Peak weight 47.5,2023-06-19
Jun,C43,Crunches - Weighted - Dumbell,"Jun 19, 2023",Working weight 10kg,2023-06-19
Jun,C39,Oblique Lunges - Plate,"Jun 20, 2023","Working weight 10kg (1 WW set, too tired)",2023-06-20
Jun,C40,Calf Raises - Bent Leg - Machine,"Jun 20, 2023",Working weight 25kg,2023-06-20
Jun,C41,Calf Raises - Straight Leg - Machine,"Jun 20, 2023",Working weight 85kg,2023-06-20
Jun,E35,Chin Ups,"Jun 21, 2023",Set 4 - 5.5,2023-06-21
Jun,E35,Chin Ups,"Jun 21, 2023",Set 3 - 6 (form improving),2023-06-21
Jun,E35,Chin Ups,"Jun 21, 2023",Set 2 - 6,2023-06-21
Jun,E35,Chin Ups,"Jun 21, 2023",Set 1 - 6,2023-06-21
Jun,E36,Face Pull - Cable,"Jun 21, 2023",New peak weight 29.5,2023-06-21
Jun,E37,Straight Arm Pushdown - Rope - Cable,"Jun 21, 2023",Working weight 24.5,2023-06-21
Jun,E39,Lateral Pull Down - Cable,"Jun 21, 2023",Working weight 16,2023-06-21
Jun,E38,Seated Pulley Row - V-Grip - Cable,"Jun 21, 2023",Lowered working weight to 15,2023-06-21
Jun,E40,Curls - Wide Grip - Barbell,"Jun 21, 2023",Working weight 27.5kg,2023-06-21
Jun,E41,Curls - Concentration - Dumbell,"Jun 21, 2023",Working weight 12.5kg DB,2023-06-21
Jun,E42,Curls - Incline - Dumbell,"Jun 21, 2023",Working weight 12.5kg DBs,2023-06-21
Jun,E43,Crunches - Weighted - Dumbell,"Jun 21, 2023",Working weight 10kg plate,2023-06-21
Jun,C45,Pectoral Flys - Cable,6:41PM Jun 26,Working weight 54,2023-06-26
Jun,C46,Bench Press - Incline - Dumbell,6:41PM Jun 26,Working weight 22kg (tough),2023-06-26
Jun,C47,Bench Press - Flat - Barbell,6:52PM Jun 26,Working weight 57.5kg,2023-06-26
Jun,C49,Shoulder Press - Dumbell,7:07PM Jun 26,Temporarily lowered working weight to 15kg DBs,2023-06-26
Jun,C48,Shrugs - Barbell,7:32PM Jun 26,"Shit working weight of 85kg, need to be more committed to it",2023-06-26
Jun,C50,Tricep Kick-Backs - Cable,7:35PM Jun 26,Tough,2023-06-26
Jun,C50,Tricep Kick-Backs - Cable,7:32PM Jun 26,Working weight 5,2023-06-26
Jun,C51,Overhead Tricep Extension - One Arm - Cable,7:36PM Jun 26,Tough,2023-06-26
Jun,C51,Overhead Tricep Extension - One Arm - Cable,7:32PM Jun 26,Working weight 5,2023-06-26
Jun,C52,Crunches - Weighted - Cable,7:47PM Jun 26,New working weight 50,2023-06-26
Jun,G46,Pectoral Flys - Cable,3:45PM Jun 30,Working weight 54,2023-06-30
Jun,G45,Bench Press - Decline - Barbell,3:53PM Jun 30,Working weight 62.5kg,2023-06-30
Jun,G47,Bench Press - Incline - Dumbell,4:05PM Jun 30,Peak weight 22kg DBs,2023-06-30
Jun,G50,Tricep Kick-Backs - Cable,4:15PM Jun 30,Working weight 5,2023-06-30
Jun,G51,Rear Extension - Rope - Cable,4:15PM Jun 30,Working weight 13.75,2023-06-30
Jun,G52,Face Pull - Cable,4:25PM Jun 30,Working weight 28 (elbow pain),2023-06-30
Jun,G53,Curls - Wide Grip - Barbell,4:31PM Jun 30,Reduced working weight to 22.5kg for better form,2023-06-30
Jun,G48,Shoulder Press - Dumbell,4:51PM Jun 30,Working weight 16kg DBs,2023-06-30
Jun,G49,Lateral Raise - Standing - Dumbell,4:56PM Jun 30,Working weight 10kg DBs,2023-06-30
Mar,E11,Squat - Front - Barbell,"Mar 1, 2023",Working weight 50kg,2023-03-01
Mar,E12,Good Mornings - Barbell,"Mar 1, 2023",Peak 55kg,2023-03-01
Mar,E9,Bent-Over Rows - Barbell,"Mar 1, 2023",Working weight 55kg,2023-03-01
Mar,E6,Lateral Raise - Bent Over - Dumbell,"Mar 1, 2023",Hammer curl friendly bench one notch from bottom 7.5kg DBs,2023-03-01
Mar,E10,Squat - Back - Barbell,"Mar 1, 2023",Working weight 67.5kg,2023-03-01
Mar,E8,Lateral Pull Down - Machine,"Mar 1, 2023",Working sets of 90kg,2023-03-01
Mar,E7,Seated Pulley Row - V-Grip - Cable,"Mar 1, 2023",Peak 15,2023-03-01
Mar,E7,Seated Pulley Row - V-Grip - Cable,"Mar 1, 2023","Similar to BO row, only use one next time",2023-03-01
Mar,E5,Lateral Raise - Standing - Dumbell,"Mar 1, 2023",7.5kg DBs,2023-03-01
Mar,G6,Bench Press - Decline - Barbell,"Mar 3, 2023",New working weight pb 60kg,2023-03-03
Mar,G9,Tricep Extension Pulldown - Cable,"Mar 3, 2023",Dropped to 24.5kg sets to failure to focus on form,2023-03-03
Mar,G5,Bench Press - Incline - Dumbell,"Mar 3, 2023",Increased again to v v difficult working sets of 20kg DBs,2023-03-03
Mar,G5,Bench Press - Incline - Dumbell,"Mar 3, 2023",New working PB 18kg DBs,2023-03-03
Mar,G10,Overhead Tricep Extension - One Arm - Dumbell,"Mar 3, 2023","New one, just trying to get the technique down. Tough sets with 8kg DB",2023-03-03
Mar,G11,Lateral Raise - Standing - Dumbell,"Mar 3, 2023","Confirmed, individual drop sets work better, just go to failure and then go to the next weight straight away",2023-03-03
Mar,G11,Lateral Raise - Standing - Dumbell,"Mar 3, 2023",Maybe do multiple drop sets? Seemed to work without having rest between the weight drops,2023-03-03
Mar,G11,Lateral Raise - Standing - Dumbell,"Mar 3, 2023","Need to figure out the drop sets started too low, did loads of sets of the 8s",2023-03-03
Mar,G11,Lateral Raise - Standing - Dumbell,"Mar 3, 2023",Start with 10kg DBs next time,2023-03-03
Mar,G11,Lateral Raise - Standing - Dumbell,"Mar 3, 2023","Drop sets starting at 8kg, as soon as I can",2023-03-03
Mar,G7,Pectoral Flys - Cable,"Mar 3, 2023",Attempting drop sets on the final set,2023-03-03
Mar,G7,Pectoral Flys - Cable,"Mar 3, 2023",New working weight 49.5kg,2023-03-03
Mar,G12,Shrugs - Dumbell,"Mar 3, 2023",Working weight 70kg,2023-03-03
Mar,G8,Bench Press - Narrow Grip - Barbell,"Mar 3, 2023",Working weight 50kg (tough),2023-03-03
Mar,H5,Straight Arm Pushdown - Cable,"Mar 4, 2023",New working weight 23.75kg,2023-03-04
Mar,H6,Face Pull - Cable,"Mar 4, 2023",New working weight 21kg,2023-03-04
Mar,H9,Curls - Hammer - Dumbell,"Mar 4, 2023",New working weight 12kg DBs,2023-03-04
Mar,H7,Lateral Pull Down - Machine,"Mar 4, 2023",Working weight 90kg,2023-03-04
Mar,H11,Leg Raises - Bent Leg - Body,"Mar 4, 2023",1 set ,2023-03-04
Mar,H11,Leg Raises - Bent Leg - Body,"Mar 4, 2023",Shoulders hurt trying to hang and not swing. Taken a set out to just practice hanging,2023-03-04
Mar,H11,Leg Raises - Bent Leg - Body,"Mar 4, 2023",Hanging,2023-03-04
Mar,H10,Curls - Simple - Barbell,"Mar 4, 2023",Working weight 22.5kg (5,2023-03-04
Mar,H8,Low Pulley Row - Overhand - Cable,"Mar 4, 2023",Working weight 15,2023-03-04
Mar,H12,Crunches - Weighted - Cable,"Mar 4, 2023",New working weight 30kg,2023-03-04
Mar,C14,Overhead Tricep Extension - One Arm - Dumbell,"Mar 6, 2023",8kg DB working sets (tough),2023-03-06
Mar,C18,Lateral Shoulder Press - Machine,"Mar 6, 2023","Working weight 40kg. Always feel prone to injury doing this, replace next time",2023-03-06
Mar,C16,Tricep Extension Pulldown - Cable,"Mar 6, 2023",Very very tough working sets of 28kg,2023-03-06
Mar,C19,Front Raises - Dumbell,"Mar 6, 2023","One arm at a time, careful not to push it too hard, feeling a potential strain, particularly in the left shoulder",2023-03-06
Mar,C19,Front Raises - Dumbell,"Mar 6, 2023",Very tough working sets with 10kg DBs,2023-03-06
Mar,C17,Dips - Body,"Mar 6, 2023",5 reps final set,2023-03-06
Mar,C17,Dips - Body,"Mar 6, 2023",4 reps third set,2023-03-06
Mar,C17,Dips - Body,"Mar 6, 2023","Difficult to stay upright, 4 reps second set",2023-03-06
Mar,C17,Dips - Body,"Mar 6, 2023",First done from resting on core machine. 5 halfish reps first set,2023-03-06
Mar,C20,Hip Huggers - Dumbell,"Mar 6, 2023",Sets of 8,2023-03-06
Mar,C20,Hip Huggers - Dumbell,"Mar 6, 2023",Working weight 20kg DBs,2023-03-06
Mar,C15,Bench Press - Narrow Grip - Barbell,"Mar 6, 2023",Working weight 50kg,2023-03-06
Mar,C21,Shrugs - Dumbell,"Mar 6, 2023",Working weight 70kg up next time,2023-03-06
Mar,E16,Squat - Front - Barbell,"Mar 8, 2023",New peak 55kg,2023-03-08
Mar,E15,Romanian Deadlifts - Barbell,"Mar 8, 2023","Working weight 60kg, squeeze the orange",2023-03-08
Mar,E19,Curls - Hammer - Dumbell,"Mar 8, 2023",8 for the last couple,2023-03-08
Mar,E19,Curls - Hammer - Dumbell,"Mar 8, 2023",12kg DB Sets of 10,2023-03-08
Mar,E14,Hack Squat - Machine,"Mar 8, 2023",50kg working weight,2023-03-08
Mar,E17,Squat - Back - Barbell,"Mar 8, 2023",Working weight 70kg inc next time,2023-03-08
Mar,E21,Crunches - Weighted - Cable,"Mar 8, 2023",Working weight 30kg,2023-03-08
Mar,E18,Curls - Simple - Barbell,"Mar 8, 2023",(New pb),2023-03-08
Mar,E18,Curls - Simple - Barbell,"Mar 8, 2023","25kg 5, 2.5, 1.25 for 10 reps",2023-03-08
Mar,E5,Lateral Raise - Standing - Dumbell,"Mar 9, 2023",Try and keep elbows high to engage traps next time,2023-03-09
Mar,F17,Bench Press - Incline - Dumbell,"Mar 9, 2023",Working weight 20kg DBs 4 notches from the top on the non hammer friendly bench,2023-03-09
Mar,F19,Face Pull - Cable,"Mar 9, 2023","Working weight 21, 24.5 too heavy for good form",2023-03-09
Mar,F15,Bench Press - Flat - Barbell,"Mar 9, 2023",Working weight 55kg,2023-03-09
Mar,F21,Lateral Pull Down - Machine,"Mar 9, 2023",Working weight 90kg,2023-03-09
Mar,F18,Bent-Over Rows - Barbell,"Mar 9, 2023",New working weight 60kg,2023-03-09
Mar,F14,Pectoral Flys - Cable,"Mar 9, 2023",Working weight 49.5kg,2023-03-09
Mar,F16,Bench Press - Decline - Barbell,"Mar 9, 2023",Working weight 20kg,2023-03-09
Mar,F20,Straight Arm Pushdown - Cable,"Mar 10, 2023",Working weight 23.75kg,2023-03-10
Mar,F14,Pectoral Flys - Cable,"Mar 10, 2023",drop set on final set,2023-03-10
Mar,H18,Hip Huggers - Dumbell,"Mar 11, 2023",Working weight shopping bags,2023-03-11
Mar,H17,Bench Press - Narrow Grip - Barbell,"Mar 11, 2023",Working weight 50kg (tough),2023-03-11
Mar,H21,Abduction Row - Dumbell,"Mar 11, 2023",Working weight 26kg DB,2023-03-11
Mar,H15,Overhead Tricep Extension - One Arm - Dumbell,"Mar 11, 2023",Working weight 8kg DB,2023-03-11
Mar,H19,Lateral Raise - Standing - Dumbell,"Mar 11, 2023","Managing 10 reps, consider increasing but don",2023-03-11
Mar,H19,Lateral Raise - Standing - Dumbell,"Mar 11, 2023",Working weight 10kg DBs,2023-03-11
Mar,H16,Tricep Extension Pulldown - Cable,"Mar 11, 2023",Reduced to 26.25kg for form,2023-03-11
Mar,H20,Front Raises - Dumbell,"Mar 11, 2023",10kg DB one arm at a time,2023-03-11
Mar,C24,Squat - Front - Barbell,"Mar 13, 2023",Correction - new working weight 57.5kg,2023-03-13
Mar,C24,Squat - Front - Barbell,"Mar 13, 2023",New peak 57.5kg,2023-03-13
Mar,C26,Romanian Deadlifts - Barbell,"Mar 13, 2023",New peak 70kg worried a bit about form,2023-03-13
Mar,C23,Squat - Back - Barbell,"Mar 13, 2023",New working weight 75kg,2023-03-13
Mar,C27,Curls - Overhand - Barbell,"Mar 13, 2023",Mingin 15kg working sets,2023-03-13
Mar,C28,Curls - Hammer - Dumbell,"Mar 13, 2023",Working sets of 8 using 12kg DB,2023-03-13
Mar,C30,Crunches - Weighted - Cable,"Mar 13, 2023",Working weight 30kg,2023-03-13
Mar,C29,Corkscrew - Resting - Body,"Mar 13, 2023",Sets of 12 working weight 3 bags on each ankle,2023-03-13
Mar,C25,Hack Squat - Machine,"Mar 13, 2023",Working weight 40kg,2023-03-13
Mar,D24,Bench Press - Flat - Dumbell,"Mar 14, 2023","Working weight 22kg DBs, though to get them set up",2023-03-14
Mar,D27,Seated Pulley Row - V-Grip - Cable,"Mar 14, 2023","Working weight 15, inc next time",2023-03-14
Mar,F16,Bench Press - Decline - Barbell,"Mar 14, 2023",Eh?,2023-03-14
Mar,D26,Bench Press - Decline - Barbell,"Mar 14, 2023",Working weight 60kg (tough),2023-03-14
Mar,D29,Face Pull - Cable,"Mar 14, 2023",Working weight 21.25kg,2023-03-14
Mar,D25,Bench Press - Incline - Dumbell,"Mar 14, 2023",Really tough working sets of 20kg DBs,2023-03-14
Mar,D25,Bench Press - Incline - Dumbell,"Mar 14, 2023",Hammer friendly bench 1 notch up is slightly shallower than the 4 on the other.,2023-03-14
Mar,D30,Lateral Pull Down - Machine,"Mar 14, 2023",Working weight 90kg inc next time,2023-03-14
Mar,D23,Pectoral Flys - Cable,"Mar 14, 2023",Working weight 49.5kg,2023-03-14
Mar,D23,Pectoral Flys - Cable,"Mar 14, 2023",Feeling something a bit twitchy in my left shoulder and right lat. I think I fucked them slightly on the flat DB bench press,2023-03-14
Mar,D28,Low Pulley Row - Overhand - Cable,"Mar 14, 2023",Working weight 16,2023-03-14
Mar,E28,Hip Huggers - Dumbell,"Mar 15, 2023",Working weight 20kg DBs,2023-03-15
Mar,E24,Overhead Tricep Extension - One Arm - Dumbell,"Mar 15, 2023","New peak 10kg DB, big struggle to get the 5th and 6th with left arm",2023-03-15
Mar,E29,Shoulder Press - Dumbell,"Mar 15, 2023",Working weight 14kg DBs,2023-03-15
Mar,E27,Abduction Row - Dumbell,"Mar 15, 2023",New very tough working sets with 28kg DB,2023-03-15
Mar,E25,Tricep Kick-Backs - Dumbell,"Mar 15, 2023","Working sets of 8kg DB , easy on right, tough on left",2023-03-15
Mar,E30,Front Raises - Dumbell,"Mar 15, 2023",Working weight 10kg DB one arm at a time,2023-03-15
Mar,E23,Tricep Extension Pulldown - Cable,"Mar 15, 2023",Working weight 26.25kg,2023-03-15
Mar,E26,Dips - Body,"Mar 16, 2023",Body weight bench dips,2023-03-16
Mar,G24,Squat - Front - Barbell,"Mar 17, 2023",New peak weight 60kg,2023-03-17
Mar,G26,Good Mornings - Barbell,"Mar 17, 2023",New peak 65kg,2023-03-17
Mar,G28,Curls - Hammer - Dumbell,"Mar 17, 2023",Working sets with 12kg DB,2023-03-17
Mar,G23,Squat - Back - Barbell,"Mar 17, 2023",Working sets of 75kg,2023-03-17
Mar,G27,Curls - Simple - Barbell,"Mar 17, 2023","Working weight 25kg (5,2.5,1.25 each side)",2023-03-17
Mar,G29,Leg Raises - Straight Leg Resting - Body,"Mar 17, 2023",Body weigh in between weighted crunches,2023-03-17
Mar,G30,Crunches - Weighted - Cable,"Mar 17, 2023",Working weight 30kg. Fucking miserable,2023-03-17
Mar,G25,Leg Press - Machine,"Mar 17, 2023","Manageable working sets of 90kg, inc next time",2023-03-17
Mar,B32,Bench Press - Flat - Dumbell,"Mar 19, 2023",Working weight 20kg (45lb) down from 22kg due to lack of matching weight,2023-03-19
Mar,B36,Lateral Pull Down - Cable,"Mar 19, 2023",Peak at Barbadian 13 (lifefitness),2023-03-19
Mar,B33,Bench Press - Incline - Dumbell,"Mar 19, 2023",Working weight 20kg DBs,2023-03-19
Mar,B37,Straight Arm Pushdown - Cable,"Mar 19, 2023",Weird sets on an incompatible machine. Triceps are burning more than back,2023-03-19
Mar,B34,Pectoral Flys - Dumbell,"Mar 19, 2023","11kg DB peak, felt a strain in my shoulder so didn",2023-03-19
Mar,B38,Low Pulley Row - Underhand - Cable,"Mar 19, 2023",Peak Barbadian 13,2023-03-19
Mar,B35,Upper Chest Pullover - Dumbell,"Mar 19, 2023",Working weight 13.6kg DB,2023-03-19
Mar,B35,Upper Chest Pullover - Dumbell,"Mar 19, 2023","Like this, keep it in",2023-03-19
Mar,B39,Bent-Over Rows - Barbell,"Mar 19, 2023",Working weight 22.5kg DBs,2023-03-19
Mar,C33,Overhead Tricep Extension - One Arm - Dumbell,"Mar 20, 2023",Working weight 6.8kg,2023-03-20
Mar,C34,Tricep Kick-Backs - Dumbell,"Mar 20, 2023","Working weight 6.8kg, felt a good weight to get good form with more reps",2023-03-20
Mar,C39,Shoulder Press - Dumbell,"Mar 20, 2023",Working weight 13.6kg DBs,2023-03-20
Mar,C32,Tricep Extension Pulldown - Cable,"Mar 20, 2023",Working weight 5 Barbadian lat machine,2023-03-20
Mar,C37,Front Raises - Dumbell,"Mar 20, 2023",Working weight 9kg,2023-03-20
Mar,C36,Lateral Raise - Standing - Dumbell,"Mar 20, 2023",Working weight 9kg,2023-03-20
Mar,C38,Hip Huggers - Dumbell,"Mar 20, 2023",Working weight 18.1kg DBs,2023-03-20
Mar,F33,Crunches - Weighted - Cable,"Mar 23, 2023",Working weight 32.5kg,2023-03-23
Mar,F38,Curls - Overhand - Barbell,"Mar 23, 2023",Working weight 17.5kg,2023-03-23
Mar,F36,Curls - Simple - Barbell,"Mar 23, 2023",Working weight 25kg,2023-03-23
Mar,F39,Wrist Flexion - Cable,"Mar 23, 2023",Peak 8.75kg,2023-03-23
Mar,F39,Wrist Flexion - Cable,"Mar 23, 2023",Working weight 6.25kg,2023-03-23
Mar,F37,Curls - Hammer - Dumbell,"Mar 23, 2023",Working weight 12kg DB,2023-03-23
Mar,G33,Squat - Front - Barbell,"Mar 24, 2023",New peak 65kg,2023-03-24
Mar,G32,Squat - Back - Barbell,"Mar 24, 2023",New peak 85kg,2023-03-24
Mar,G32,Squat - Back - Barbell,"Mar 24, 2023",New working weight 80kg (10 reps first set),2023-03-24
Mar,G34,Deadlift - Barbell,"Mar 24, 2023",Working weight 80kg,2023-03-24
Mar,G38,Calf Raises - Bent Leg - Machine,"Mar 24, 2023",Increase and do sets of 10,2023-03-24
Mar,G38,Calf Raises - Bent Leg - Machine,"Mar 24, 2023",Working weight 15kg sets of 15,2023-03-24
Mar,G39,Calf Raises - Straight Leg - Machine,"Mar 24, 2023",Working weight 60kg,2023-03-24
Mar,G35,Hack Squat - Machine,"Mar 24, 2023",New working weight 50kg,2023-03-24
Mar,G36,Oblique Lunges - Plate,"Mar 24, 2023",Working sets 0kg up and back in cross fit area,2023-03-24
Mar,G37,Plank - Body,"Mar 24, 2023",1 minute,2023-03-24
Mar,B43,Bench Press - Flat - Barbell,"Mar 26, 2023","Went for working weight 60kg, set 1 failed - 4 reps",2023-03-26
Mar,B45,Face Pull - Cable,"Mar 26, 2023","Working weight 21.25kg, final set 12 reps",2023-03-26
Mar,B42,Pectoral Flys - Cable,"Mar 26, 2023",Working weight 49.5kg. Could go up but getting a good stretch and push with sets of 8 at this weight,2023-03-26
Mar,B47,Seated Pulley Row - V-Grip - Cable,"Mar 26, 2023",New working weight 16,2023-03-26
Mar,B44,Bench Press - Decline - Barbell,"Mar 26, 2023",8 reps of 60 first working set,2023-03-26
Mar,B44,Bench Press - Decline - Barbell,"Mar 26, 2023",12 reps at 50kg! Working weight 60kg,2023-03-26
Mar,B41,Upper Chest Pullover - Dumbell,"Mar 26, 2023",Peak weight 16kg DB,2023-03-26
Mar,B48,Low Pulley Row - Overhand - Cable,"Mar 26, 2023",New working weight 17,2023-03-26
Mar,B46,ISO Lateral Row - Machine,"Mar 26, 2023",Working weight 80kg,2023-03-26
Mar,B46,ISO Lateral Row - Machine,"Mar 26, 2023","Neutral grip this time, wide grip cable rows",2023-03-26
Mar,B46,ISO Lateral Row - Machine,"Mar 26, 2023",Neutral grip - Mid back,2023-03-26
Mar,C43,Bench Press - Narrow Grip - Barbell,"Mar 27, 2023",Working weight 50kg,2023-03-27
Mar,C45,Shoulder Press - Dumbell,"Mar 27, 2023",New working weight 15kg DBs,2023-03-27
Mar,C42,Rear Extension - V-Bar - Cable,"Mar 27, 2023",Working weight 18.75kg,2023-03-27
Mar,C41,Overhead Tricep Extension - One Arm - Dumbell,"Mar 27, 2023",Note this could be due to trying new ,2023-03-27
Mar,C41,Overhead Tricep Extension - One Arm - Dumbell,"Mar 27, 2023",Reduced working weight back to 8kg DB,2023-03-27
Mar,C44,Tricep Extension Pulldown - Cable,"Mar 27, 2023",Working weight 26.25kg usually. Trapped a nerve at 23.75kg,2023-03-27
Mar,C48,Hip Huggers - Dumbell,"Mar 27, 2023",Working weight 20kg DBs,2023-03-27
Mar,C47,Front Raises - Dumbell,"Mar 27, 2023",Working weight 10kg DB,2023-03-27
Mar,C46,Lateral Raise - Standing - Dumbell,"Mar 27, 2023","Working weight 10kg, got to really stretch out those shoulders. Nerves feeling twitchy",2023-03-27
Mar,D41,Crunches - Weighted - Cable,"Mar 28, 2023",Working weight 40kg,2023-03-28
Mar,D42,Corkscrew - Resting - Body,"Mar 28, 2023",3 weights on each ankle,2023-03-28
Mar,D43,Leg Raises - Straight Leg Resting - Body,"Mar 28, 2023",3 sets 3 weights on each ankle. Same number of sets for cork,2023-03-28
Mar,D47,Curls - Overhand - Barbell,"Mar 28, 2023",Working weight 17.5kg,2023-03-28
Mar,D48,Wrist Flexion - Cable,"Mar 28, 2023",Working weight 8.75kg,2023-03-28
Mar,D46,Curls - Cable,"Mar 28, 2023",Very tough peak of 23.75kg,2023-03-28
Mar,D45,Curls - Hammer - Dumbell,"Mar 28, 2023",Sets of 10 with new working weight 12.5kg DB,2023-03-28
Mar,D44,Plank - Body,"Mar 28, 2023",,2023-03-28
Mar,G42,Squat - Front - Barbell,"Mar 31, 2023","8 for final set, make sure to get 8 for both next time",2023-03-31
Mar,G42,Squat - Front - Barbell,"Mar 31, 2023",Working weight 65kg (6 reps),2023-03-31
Mar,G41,Squat - Back - Barbell,"Mar 31, 2023",Working weight 85kg,2023-03-31
Mar,G45,Good Mornings - Barbell,"Mar 31, 2023",Working weight 70kg,2023-03-31
Mar,G43,Deadlift - Barbell,"Mar 31, 2023","Working weight 90kg, be very careful of form",2023-03-31
Mar,G43,Deadlift - Barbell,"Mar 31, 2023",Push inside of feet to ground self. Squeeze the egg. Raise the bar slightly. Push knees out like holding a box,2023-03-31
Mar,G47,Calf Raises - Bent Leg - Machine,"Mar 31, 2023",Working weight 20kg,2023-03-31
Mar,G48,Calf Raises - Straight Leg - Machine,"Mar 31, 2023",Working weight 70kg,2023-03-31
Mar,G44,Oblique Lunges - Plate,"Mar 31, 2023",5kg plate,2023-03-31
Mar,G46,Leg Press - Machine,"Mar 31, 2023",Working weight 100kg,2023-03-31
May,C5,Bench Press - Incline - Dumbell,"May 1, 2023",Working weight 18kg DBs,2023-05-01
May,C7,Pectoral Flys - Cable,"May 1, 2023",Working weight 52,2023-05-01
May,C6,Bench Press - Decline - Barbell,"May 1, 2023",Working sets of 6 at 60kg,2023-05-01
May,C8,Straight Arm Pushdown - Cable,"May 1, 2023",Rope - alternating between straight and pulling to hips,2023-05-01
May,C8,Straight Arm Pushdown - Cable,"May 1, 2023",Working weight 24.5,2023-05-01
May,C9,Face Pull - Cable,"May 1, 2023",Correction - New peak weight 31.5,2023-05-01
May,C9,Face Pull - Cable,"May 1, 2023",Working weight 28,2023-05-01
May,C10,Abduction Row - Dumbell,"May 1, 2023",Working weight 28kg DB,2023-05-01
May,C13,Curls - Hammer - Dumbell,"May 1, 2023",Fucking tough working weight of 12kg DBs,2023-05-01
May,C13,Curls - Hammer - Dumbell,"May 1, 2023",Performed standing,2023-05-01
May,C12,Curls - Concentration - Dumbell,"May 1, 2023",Working weight 12kg DB,2023-05-01
May,C11,Curls - Wide Grip - Barbell,"May 1, 2023","Failed (6) 3rd set at 27.5kg, reducing working weight to 25kg",2023-05-01
May,D5,Shoulder Press - Dumbell,"May 2, 2023",Working weight 16kg DBs,2023-05-02
May,D7,Front Raises - Dumbell,"May 2, 2023",Nasty working weight 10kg DBs (tough),2023-05-02
May,D8,Lateral Raise - Standing - Dumbell,"May 2, 2023",Working weight 10kg DBs,2023-05-02
May,D6,Hip Huggers - Dumbell,"May 2, 2023",Working weight 20kg DBs (with shrug),2023-05-02
May,D10,Tricep Kick-Backs - Dumbell,"May 2, 2023",New working weight 10kg DBs,2023-05-02
May,D9,Tricep Extension Pulldown - Rope - Cable,"May 2, 2023",New working weight 24.5,2023-05-02
May,D11,Bench Press - Narrow Grip - Barbell,"May 2, 2023",Tough being the last tricep ex. Working weight 50kg,2023-05-02
May,D13,Curls - Overhand - Barbell,"May 2, 2023",New peak weight 20kg,2023-05-02
May,D13,Curls - Overhand - Barbell,"May 2, 2023",Failed working weight attempt 22.5kg (6),2023-05-02
May,D12,Wrist Flexion - Cable,"May 2, 2023",Indefinitely changed to off the floor (mini forearm curls) working weight 11.25. Be careful of left wrist,2023-05-02
May,F6,Bench Press - Flat - Barbell,"May 4, 2023",New working weight 60kg!!,2023-05-04
May,F7,Low Pulley Row - Underhand - Cable,"May 4, 2023",New working weight 16,2023-05-04
May,F8,Lateral Pull Down - Machine,"May 4, 2023",Scraped the second,2023-05-04
May,F8,Lateral Pull Down - Machine,"May 4, 2023",Scraped the first working set,2023-05-04
May,F8,Lateral Pull Down - Machine,"May 4, 2023",New working weight 100kg,2023-05-04
May,F9,ISO Lateral Row - Machine,"May 4, 2023","Working weight 80kg, told to increase but doesn",2023-05-04
May,F10,Straight Arm Pushdown - Cable,"May 4, 2023",Attempted peak 28 failed. Working weight 24.5,2023-05-04
May,F13,Overhead Tricep Extension - One Arm - Dumbell,"May 4, 2023",Failed peak weight 10kg DB (7:R 3:L). Working weight 8kg,2023-05-04
May,F12,Tricep Extension Pulldown - Rope - Cable,"May 4, 2023",Very tough working weight 24.5 (Middle machines not sure if they,2023-05-04
May,F11,Rear Extension - Rope - Cable,"May 4, 2023",Very tough working weight 17.5,2023-05-04
May,F5,Pectoral Flys - Cable,"May 4, 2023",Busy all session,2023-05-04
May,H5,Squat - Front - Barbell,"May 6, 2023",Working weight 65kg (tough),2023-05-06
May,H7,Squat - Back - Barbell,"May 6, 2023",New working weight 90kg,2023-05-06
May,H6,Hamstring Curls - Cable,"May 6, 2023",New working weight 30kg,2023-05-06
May,H11,Shrugs - Dumbell,"May 6, 2023",Working weight 70kg,2023-05-06
May,H12,Scoop Press - Dumbell,"May 6, 2023",New working weight 12.5kg (tough),2023-05-06
May,H13,Lateral Raise - Bent Over - Dumbell,"May 6, 2023",New working weight 12.5kg DBs,2023-05-06
May,H9,Calf Raises - Bent Leg - Machine,"May 6, 2023",New peak weight 25kg,2023-05-06
May,H10,Calf Raises - Straight Leg - Machine,"May 6, 2023",Increase by a lot next time. Make sure not too far away from the platform,2023-05-06
May,H10,Calf Raises - Straight Leg - Machine,"May 6, 2023",Working weight 70kg,2023-05-06
May,H8,Oblique Lunges - Plate,"May 6, 2023",10kg working weight one way,2023-05-06
May,B19,ISO Lateral Row - Machine,"May 6, 2023",Working weight 15,2023-05-06
May,C20,Hip Huggers - Dumbell,"May 6, 2023",Engage rear delt,2023-05-06
May,B15,Pectoral Flys - Cable,"May 7, 2023",New peak weight 54,2023-05-07
May,B17,Bench Press - Decline - Barbell,"May 7, 2023",New peak weight (8) 60kg,2023-05-07
May,B16,Upper Chest Pullover - Dumbell,"May 7, 2023",New peak weight 20kg DB (easy),2023-05-07
May,B18,ISO Lateral Row - Machine,"May 7, 2023",New peak weight 90kg,2023-05-07
May,B18,ISO Lateral Row - Machine,"May 7, 2023",Neutral grip,2023-05-07
May,B20,Low Pulley Row - Overhand - Cable,"May 7, 2023",Shit last 2 reps,2023-05-07
May,B20,Low Pulley Row - Overhand - Cable,"May 7, 2023",Working weight 18,2023-05-07
May,B22,Curls - Concentration - Dumbell,"May 7, 2023",Working weight 12kg DB,2023-05-07
May,B22,Curls - Concentration - Dumbell,"May 7, 2023",Make sure to come across the body. For supersets split into 2 mini alternating sets so not to exhaust one arm,2023-05-07
May,B23,Curls - Incline - Dumbell,"May 7, 2023",Working weight 12kg DBs,2023-05-07
May,C15,Tricep Kick-Backs - Dumbell,"May 8, 2023",Working weight 10kg DB (tough),2023-05-08
May,C16,Overhead Tricep Extension - One Arm - Dumbell,"May 8, 2023",Left arm 6 reps working weight,2023-05-08
May,C16,Overhead Tricep Extension - One Arm - Dumbell,"May 8, 2023",Working weight 10kg DB (tough),2023-05-08
May,C18,Rear Extension - Rope - Cable,"May 8, 2023","New technique pulling from lower, new working weight 13.75",2023-05-08
May,C17,Tricep Extension Pulldown - Rope - Cable,"May 8, 2023",Working weight 23.75kg (tough),2023-05-08
May,C17,Tricep Extension Pulldown - Rope - Cable,"May 8, 2023",Previous working weight 24.5 (not accessible),2023-05-08
May,C22,Wrist Flexion - Cable,"May 8, 2023","Working weight 10, do reps till it burns",2023-05-08
May,C23,Curls - Overhand - Barbell,"May 8, 2023",New working weight 20kg sets of 12,2023-05-08
May,C19,Shoulder Press - Dumbell,"May 8, 2023",Working weight 16kg DBs,2023-05-08
May,C20,Hip Huggers - Dumbell,"May 8, 2023",Working weight 20kg DBs,2023-05-08
May,C21,Shrugs - Dumbell,"May 8, 2023","Working weight 70kg, 8 big clean reps and then blitz mini ones to failure",2023-05-08
May,C25,Squat - Front - Barbell,"May 15, 2023",Working weight 65kg,2023-05-15
May,C27,Squat - Back - Barbell,"May 15, 2023"," (edited May 15, 2023)",2023-05-15
May,C27,Squat - Back - Barbell,"May 15, 2023","Working weight 90kg (very tough, not feeling up to it)",2023-05-15
May,C32,Calf Raises - Bent Leg - Machine,"May 15, 2023",Working weight 25kg,2023-05-15
May,C33,Calf Raises - Straight Leg - Machine,"May 15, 2023",Working weight 60kg (was supposed to be 80 (accident)),2023-05-15
May,C29,Bench Press - Narrow Grip - Barbell,"May 15, 2023",New peak weight 55kg,2023-05-15
May,C30,Rear Extension - Rope - Cable,"May 15, 2023",13.75 working weight,2023-05-15
May,C31,Tricep Extension Pulldown - Rope - Cable,"May 15, 2023",Working weight 24.5,2023-05-15
May,C26,Hamstring Curls - Cable,"May 15, 2023",New peak weight 35kg,2023-05-15
May,C28,Leg Press - Machine,"May 16, 2023","Working weight 100kg, seat tilted back",2023-05-16
May,E25,Bench Press - Incline - Dumbell,"May 17, 2023",New peak weight 20kg DBs,2023-05-17
May,E26,Upper Chest Pullover - Dumbell,"May 17, 2023",Working weight 20kg DB,2023-05-17
May,E27,Bench Press - Lateral - Machine,"May 17, 2023",New working weight 50kg,2023-05-17
May,E28,Face Pull - Cable,"May 17, 2023",Working weight 28,2023-05-17
May,E30,Low Pulley Row - Overhand - Cable,"May 17, 2023",Working weight 18,2023-05-17
May,E32,Curls - Incline - Dumbell,"May 17, 2023",Working weight 12kg DBs,2023-05-17
May,E31,Curls - Hammer - Cross Body - Dumbell,"May 17, 2023",Loose definition of working. Reduce to a working weight of 10kg DBs,2023-05-17
May,E31,Curls - Hammer - Cross Body - Dumbell,"May 17, 2023",Working sets split into two micro sets,2023-05-17
May,E31,Curls - Hammer - Cross Body - Dumbell,"May 17, 2023",Working weight 12kg DBs,2023-05-17
May,E33,Crunches - Weighted - Cable,"May 17, 2023",Working weight 45,2023-05-17
May,G25,Lateral Raise - Bent Over - Dumbell,"May 19, 2023",Working weight 12.5kg DBs,2023-05-19
May,G26,Scoop Press - Dumbell,"May 19, 2023",Working weight 12.5kg DBs,2023-05-19
May,G27,Shrugs - Barbell,"May 19, 2023",New peak weight 80kg,2023-05-19
May,G28,Tricep Kick-Backs - Dumbell,"May 19, 2023",Working weight 10kg DB (tough),2023-05-19
May,G29,Overhead Tricep Extension - One Arm - Dumbell,"May 19, 2023",Working weight 10kg DB (tough),2023-05-19
May,G30,Rear Extension - Rope - Cable,"May 19, 2023",Working weight 13.75,2023-05-19
May,G31,Tricep Extension Pulldown - Rope - Cable,"May 19, 2023",Working weight 24.5 (tough with it being the second super set),2023-05-19
May,G33,Curls - Overhand - Barbell,"May 19, 2023",Working weight 20kg,2023-05-19
May,G32,Wrist Flexion - Cable,"May 19, 2023",New working weight 12.5,2023-05-19
May,C37,Bench Press - Decline - Barbell,"May 22, 2023",Working weight 52kg (made tough with the 1s pause),2023-05-22
May,C36,Bench Press - Decline - Barbell,"May 22, 2023",Working weight 60kg (inc to 65kg),2023-05-22
May,C35,Bench Press - Lateral - Machine,"May 22, 2023",Working weight 50kg,2023-05-22
May,C38,Straight Arm Pushdown - Rope - Cable,"May 22, 2023",New peak weight 28 (very tough),2023-05-22
May,C39,Face Pull - Cable,"May 22, 2023",Working weight 28,2023-05-22
May,C41,Curls - Concentration - Dumbell,"May 22, 2023",Working weight 10kg DB (dropped due to bad form last time) 3 WW sets,2023-05-22
May,C42,Curls - Incline - Dumbell,"May 22, 2023",Working weight 12kg DBs,2023-05-22
May,C43,Crunches - Weighted - Cable,"May 22, 2023",Working weight 28kg DB (very tough),2023-05-22
May,C43,Crunches - Weighted - Cable,"May 22, 2023",Working weight 45,2023-05-22
May,C40,Abduction Row - Dumbell,"May 23, 2023",Working weight 28kg DB (very tough),2023-05-23
May,E35,Shoulder Press - Dumbell,"May 24, 2023",Working weight 16kg DBs (tough),2023-05-24
May,E36,Hip Huggers - Dumbell,"May 24, 2023","New working weight 22kg DBs ROM feels limited though, consider doing less frequently",2023-05-24
May,E36,Hip Huggers - Dumbell,"May 24, 2023",Engage rear delt,2023-05-24
May,E37,Lateral Raise - Bent Over - Dumbell,"May 24, 2023",Working weight 12.5kg DBs,2023-05-24
May,E38,Front Raises - Dumbell,"May 24, 2023",Working weight 10kg DBs,2023-05-24
May,E39,Rear Extension - Rope - Cable,"May 24, 2023",Working weight 13.75,2023-05-24
May,E40,Tricep Extension Pulldown - Rope - Cable,"May 24, 2023",Working weight 24.5,2023-05-24
May,E41,Tricep Kick-Backs - Dumbell,"May 24, 2023",Working weight 10kg DBs,2023-05-24
May,E43,Wrist Extension - Cable,"May 24, 2023",Working weight 15 (tough),2023-05-24
May,E43,Wrist Extension - Cable,"May 24, 2023",Begun 2 handed,2023-05-24
May,E42,Wrist Flexion - Cable,"May 24, 2023",Working weight 21,2023-05-24
May,E42,Wrist Flexion - Cable,"May 24, 2023",Begun 2 handed,2023-05-24
May,F36,Pectoral Flys - Cable,"May 25, 2023",New peak weight 54,2023-05-25
May,F35,Bench Press - Flat - Barbell,"May 25, 2023",Working weight 60kg missed the first ww set by 2,2023-05-25
May,F37,Bench Press - Decline - Barbell,"May 25, 2023","New working weight 62.5kg (fucking awful, had a spotter though)",2023-05-25
May,F38,ISO Lateral Row - Wide - Machine,"May 25, 2023",New peak weight 85kg (tough),2023-05-25
May,F40,Straight Arm Pushdown - Rope - Cable,"May 25, 2023","Working weight 28, can",2023-05-25
May,F41,Face Pull - Cable,"May 25, 2023",Working weight 28,2023-05-25
May,F42,Curls - Wide Grip - Barbell,"May 25, 2023",Working weight 27.5kg,2023-05-25
May,H35,Squat - Front - Barbell,"May 27, 2023",Working weight 65kg,2023-05-27
May,H36,Squat - Back - Barbell,"May 27, 2023",Lowered working weight to 80kg from 90kg (actually failed last week anyway) due to knee pain,2023-05-27
May,H37,Good Mornings - Barbell,"May 27, 2023",Seated - new ww 50kg,2023-05-27
May,H38,Hamstring Curls - Cable,"May 27, 2023",Unknown machine,2023-05-27
May,H41,Tricep Kick-Backs - Dumbell,"May 27, 2023",Working weight 10kg DB,2023-05-27
May,H39,Rear Extension - Rope - Cable,"May 27, 2023",Unknown weight,2023-05-27
May,H40,Tricep Extension Pulldown - Rope - Cable,"May 27, 2023",Unknown weight,2023-05-27
May,H42,Wrist Flexion - Cable,"May 27, 2023",Unknown weight,2023-05-27
May,H43,Wrist Extension - Cable,"May 27, 2023",Unknown weight,2023-05-27
May,D45,Shoulder Press - Dumbell,"May 30, 2023",New peak weight 17.5kg,2023-05-30
May,D46,Front Raises - Dumbell,"May 30, 2023",Working weight 10kg,2023-05-30
May,D47,Lateral Raise - Bent Over - Dumbell,"May 30, 2023",Working weight 12.5kg,2023-05-30
May,D48,Shrugs - Barbell,"May 30, 2023",New Working weight 80kg,2023-05-30
May,D51,Bent-Over Rows - Barbell,"May 30, 2023",Working weight 60kg,2023-05-30
May,D50,ISO Lateral Row - Neutral - Machine,"May 30, 2023",Working weight 90kg,2023-05-30
May,D49,Lateral Pull Down - Machine,"May 30, 2023","Working weight 100kg, bring down to 90kg and do 10 reps after looking at tech",2023-05-30
May,D52,Face Pull - Cable,"May 30, 2023",Unknown WW,2023-05-30
May,D53,Straight Arm Pushdown - Rope - Cable,"May 30, 2023",Unknown WW,2023-05-30
Oct,C5,Pectoral Flys - Cable,5:58PM Oct 2,Working weight 56.5,2023-10-02
Oct,C6,Bench Press - Incline - Dumbell,6:15PM Oct 2,Peak weight 22kg DBs,2023-10-02
Oct,C7,Bench Press - Lateral - Machine,6:26PM Oct 2,Working weight 45kg,2023-10-02
Oct,C9,Front Raises - Dumbell,6:38PM Oct 2,"Working weight 8kg DBs, can",2023-10-02
Oct,C10,Lateral Raise - Standing - Dumbell,6:53PM Oct 2,Working weight 8kg,2023-10-02
Oct,C8,Shoulder Press - Dumbell,7:01PM Oct 2,Peak weight 15kg DBs,2023-10-02
Oct,C11,Upright Row - Barbell,7:21PM Oct 2,Peak weight 35kg,2023-10-02
Oct,C12,Shrugs - Barbell,7:22PM Oct 2,Peak weight 35kg (easy but to failure),2023-10-02
Oct,C13,Crunches - Weighted - Cable,7:29PM Oct 2,"Working weight 50, managed more but didn",2023-10-02
Oct,D5,ISO Lateral Row - Wide - Machine,6:26PM Oct 3,Working weight 75kg,2023-10-03
Oct,D9,Curls - Wide Grip - Barbell,6:54PM Oct 3,Peak weight 25kg,2023-10-03
Oct,D6,Abduction Row - Dumbell,6:55PM Oct 3,Working weight 20kg (careful of a tweaked front delt),2023-10-03
Oct,D10,Curls - Hammer - Cross Body - Dumbell,7:02PM Oct 3,Working weight 10kg DBs,2023-10-03
Oct,D11,Tricep Extension Pulldown - Rope - Cable,7:18PM Oct 3,Working weight 21.25,2023-10-03
Oct,D12,Tricep Kick-Backs - Cable,7:18PM Oct 3,Working weight 6.25,2023-10-03
Oct,D7,Straight Arm Pushdown - Rope - Cable,7:33PM Oct 3,Peak weight 23.75,2023-10-03
Oct,D8,Face Pull - Cable,7:33PM Oct 3,Working weight 26.25,2023-10-03
Oct,D13,Dips - Body,7:35PM Oct 3,Managed 3 reps. Arms knackered with it being the last exercise,2023-10-03
Oct,G5,Shoulder Press - Dumbell,4:38PM Oct 6,Peak weight 16kg DBs,2023-10-06
Oct,G6,Front Raises - Dumbell,4:48PM Oct 6,Peak weight 10kg DBs,2023-10-06
Oct,G6,Front Raises - Dumbell,4:44PM Oct 6,Changed from bent over laterals due to the feeling I was hitting the side felt twice,2023-10-06
Oct,G7,Lateral Raise - Standing - Dumbell,4:48PM Oct 6,3 working sets of 8kg DBs,2023-10-06
Oct,G8,Upright Row - Barbell,5:06PM Oct 6,Peak weight 37.5kg,2023-10-06
Oct,G11,Bench Press - Flat - Barbell,5:19PM Oct 6,Working weight 55kg,2023-10-06
Oct,G9,Pectoral Flys - Cable,5:45PM Oct 6,Peak weight 56.5,2023-10-06
Oct,G10,Upper Chest Pullover - Dumbell,5:46PM Oct 6,Peak weight 16kg DB,2023-10-06
Oct,G12,KB Side Bend - Kettlebell,5:51PM Oct 6,Working weight 24kg KB,2023-10-06
Oct,G13,Kneeling Rope Crunch - Cable,5:56PM Oct 6,Peak weight 41.25,2023-10-06
Oct,C15,ISO Lateral Row - Neutral - Machine,5:21PM Oct 9,Working weight 90kg (inc next time),2023-10-09
Oct,C16,Straight Arm Pushdown - Rope - Cable,5:28PM Oct 9,Working weight 24.5,2023-10-09
Oct,C17,Face Pull - Cable,5:29PM Oct 9,Working weight 28,2023-10-09
Oct,C18,Seated Pulley Row - V-Grip - Cable,5:42PM Oct 9,Working weight 14,2023-10-09
Oct,C19,Lateral Pull Down - Cable,5:42PM Oct 9,Working weight 14,2023-10-09
Oct,C23,Tricep Extension Pulldown - Rope - Cable,6:15PM Oct 9,Working weight 21.25,2023-10-09
Oct,C22,Rear Extension - Rope - Cable,6:15PM Oct 9,Working weight 13.75,2023-10-09
Oct,C20,Curls - Concentration - Dumbell,6:16PM Oct 9,Working weight 10kg DBs,2023-10-09
Oct,C21,Curls - Incline - Dumbell,6:16PM Oct 9,Working weight 10kg DBs,2023-10-09
Oct,E15,Shoulder Press - Dumbell,5:05PM Oct 11,Working weight 16kg DBs,2023-10-11
Oct,E16,Lateral Raise - Bent Over Bench - Dumbell,5:38PM Oct 11,3 working sets of 6kg DBs. Beginning to debate the effectiveness of this,2023-10-11
Oct,E17,Front Raises - Dumbell,5:39PM Oct 11,Working weight 10kg DBs,2023-10-11
Oct,E18,Bench Press - Decline - Barbell,5:39PM Oct 11,Peak weight 57.5kg,2023-10-11
Oct,E19,Pectoral Flys - Cable,5:51PM Oct 11,Working weight 56.5,2023-10-11
Oct,E20,Squat - Back - Barbell,6:06PM Oct 11,Working weight 50kg,2023-10-11
Oct,E21,Squat - Front - Barbell,6:15PM Oct 11,Working weight 40kg,2023-10-11
Oct,E22,Romanian Deadlifts - Barbell,6:26PM Oct 11,Working weight 60kg,2023-10-11
Oct,E23,Crunches - Weighted - Cable,6:26PM Oct 11,Working weight 55,2023-10-11
Oct,D25,Lateral Pull Down - Cable,5:48PM Oct 17,Working weight 14,2023-10-17
Oct,D26,Low Pulley Row - Overhand - Cable,5:48PM Oct 17,Working weight 14,2023-10-17
Oct,D27,ISO Lateral Row - Wide - Machine,6:01PM Oct 17,Working weight 75kg,2023-10-17
Oct,D28,Straight Arm Pushdown - Rope - Cable,6:12PM Oct 17,Working weight 17.5,2023-10-17
Oct,D29,Tricep Extension Pulldown - Rope - Cable,6:16PM Oct 17,Working weight 17.5,2023-10-17
Oct,D30,Rear Extension - Rope - Cable,6:42PM Oct 17,Peak weight 13.75,2023-10-17
Oct,D32,Curls - Narrow Grip - Barbell,6:43PM Oct 17,Working weight 22.5kg assuming 10kg bar,2023-10-17
Oct,D33,Curls - Wide Grip - Barbell,6:44PM Oct 17,Working weight 22.5kg assuming 10kg bar,2023-10-17
Oct,D31,KB Side Bend - Kettlebell,6:49PM Oct 17,Working weight 24kg DB,2023-10-17
Oct,G25,Bench Press - Incline - Barbell,12:52PM Oct 20,"Peak weight 50kg, get a spotter next time",2023-10-20
Oct,G27,Reverse Flys - Cable,12:53PM Oct 20,Working weight 5kg on each side,2023-10-20
Oct,G27,Bench Press - Decline - Barbell,12:58PM Oct 20,Working weight 5kg each side,2023-10-20
Oct,G29,Hip Huggers - Dumbell,1:07PM Oct 20,Working weight 17.5kg DBs,2023-10-20
Oct,G28,Shoulder Press - Dumbell,1:07PM Oct 20,Working weight 17.5kg DBs,2023-10-20
Oct,G30,Lateral Raise - Standing - Dumbell,1:15PM Oct 20,Peak weight 8kg,2023-10-20
Oct,G31,Front Raises - Dumbell,1:18PM Oct 20,Peak weight 10kg DBs,2023-10-20
Oct,G33,Tricep Extension Pulldown - Bar - Cable,1:39PM Oct 20,Working weight 22.5kg,2023-10-20
Oct,G26,Bench Press - Decline - Barbell,1:39PM Oct 20,Peak weight 57.5kg,2023-10-20
Oct,G32,Shrugs - Barbell,1:50PM Oct 20,"Working weight 70kg, could go higher but want to keep form",2023-10-20
Oct,C35,Lateral Pull Down - Machine,4:45PM Oct 23,Working weight 80kg,2023-10-23
Oct,C39,Curls - Incline - Dumbell,4:55PM Oct 23,Peak weight 10kg DBs,2023-10-23
Oct,C40,Curls - Concentration - Dumbell,4:55PM Oct 23,Peak weight 10kg DBs,2023-10-23
Oct,C37,Straight Arm Pushdown - Bar - Cable,5:05PM Oct 23,Peak weight 22.5kg,2023-10-23
Oct,C36,Face Pull - Cable,5:05PM Oct 23,Peak weight 25kg,2023-10-23
Oct,C42,Tricep Extension Pulldown - Rope - Cable,5:15PM Oct 23,Peak weight 22.5kg,2023-10-23
Oct,C41,Rear Extension - Rope - Cable,5:20PM Oct 23,Peak weight 11.25kg,2023-10-23
Oct,C38,ISO Lateral Row - Neutral - Machine,5:36PM Oct 23,"Peak weight 90kg, increase next time",2023-10-23
Oct,C43,Crunches - Weighted - Cable,5:38PM Oct 23,Working weight 35kg,2023-10-23
Oct,F35,Shoulder Press - Dumbell,6:10PM Oct 26,Working weight 17.5kg DBs,2023-10-26
Oct,F36,Lateral Raise - Standing - Dumbell,6:25PM Oct 26,Working weight 7.5kg DBs,2023-10-26
Oct,F37,Lateral Raise - Bent Over - Dumbell,6:26PM Oct 26,Working weight 6kg DB,2023-10-26
Oct,F39,Bench Press - Flat - Dumbell,6:41PM Oct 26,Working weight 22kg DBs,2023-10-26
Oct,F38,Bench Press - Decline - Barbell,6:42PM Oct 26,Working weight 57.5kg,2023-10-26
Oct,F40,Upper Chest Pullover - Dumbell,6:57PM Oct 26,Peak weight 20kg DB,2023-10-26
Oct,F41,Pectoral Flys - Cable,6:57PM Oct 26,Peak weight 56.5,2023-10-26
Oct,C45,ISO Lateral Row - Wide - Machine,6:18PM Oct 30,New working weight 85kg,2023-10-30
Oct,C46,Chest Supported Dumbell Row - Dumbell,6:37PM Oct 30,"Peak weight 20kg DBs, hurt chest plate doing them, had to lie very high up bench",2023-10-30
Oct,C48,"Lateral Pull Down - Close Grip, Palms Up - Cable",6:44PM Oct 30,Working weight 17,2023-10-30
Oct,C47,Face Pull - Cable,6:58PM Oct 30,Working weight 28,2023-10-30
Oct,C49,Good Mornings - Barbell,7:11PM Oct 30,Working weight 50kg,2023-10-30
Oct,C50,Squat - Back - Barbell,7:12PM Oct 30,Working weight 50kg,2023-10-30
Oct,C52,Rear Extension - Rope - Cable,7:39PM Oct 30,Working weight 13.75kg,2023-10-30
Oct,C53,Tricep Extension Pulldown - Rope - Cable,7:39PM Oct 30,Working weight 22.5kg,2023-10-30
Oct,D45,Bench Press - Incline - Smith,6:39PM Oct 31,"Working weight 27.5kg, not going to include bar weight for this exercise",2023-10-31
Oct,D46,Pectoral Flys - Cable,6:42PM Oct 31,Working weight 56.5kg,2023-10-31
Oct,D48,Shoulder Press - Dumbell,6:53PM Oct 31,New working weight 18kg DBs good to have my shoulders warmed up,2023-10-31
Oct,D49,Lateral Raise - Bent Over - Dumbell,6:55PM Oct 31,Peak weight 7.5kg DBs,2023-10-31
Oct,D47,Bench Press - Decline - Barbell,7:09PM Oct 31,Working weight 57.5kg (managed seven reps at sixty),2023-10-31
Oct,D50,Upright Row - Barbell,7:22PM Oct 31,Working weight 35kg,2023-10-31
Oct,D51,Shrugs - Barbell,7:23PM Oct 31,Working weight 35kg,2023-10-31
Oct,D52,KB Side Bend - Kettlebell,7:30PM Oct 31,Working weight 24kg KB,2023-10-31
Sep,G5,Shoulder Press - Dumbell,4:58PM Sep 20,"Working weight 17.5kg DBs, missed the last two reps of the last set",2023-09-20
Sep,G6,Lateral Raise - Standing - Dumbell,4:58PM Sep 20,Working weight 8kg DBs,2023-09-20
Sep,G7,Front Raises - Dumbell,4:58PM Sep 20,Working weight 10kg DBs,2023-09-20
Sep,G8,Lateral Raise - Bent Over - Dumbell,4:58PM Sep 20,Reduced to 6kg. Trapped a nerve with 2 higher,2023-09-20
Sep,C25,Bench Press - Flat - Barbell,4:59PM Sep 20,Working weight 55kg,2023-09-20
Sep,C26,Pectoral Flys - Cable,4:59PM Sep 20,3 working sets 49.5,2023-09-20
Sep,C27,Bench Press - Incline - Dumbell,4:59PM Sep 20,Working weight 17.5kg DBs,2023-09-20
Sep,C28,Shoulder Press - Dumbell,4:59PM Sep 20,Working weight 15kg DBs,2023-09-20
Sep,C29,Lateral Raise - Bent Over - Dumbell,4:59PM Sep 20,Working weight 6kg DBs,2023-09-20
Sep,C30,Front Raises - Dumbell,5:00PM Sep 20,Working weight 10kg DBs,2023-09-20
Sep,C31,Shrugs - Barbell,5:00PM Sep 20,Working weight 50kg,2023-09-20
Sep,C32,KB Side Bend - Kettlebell,5:00PM Sep 20,Working weight 24kg,2023-09-20
Sep,C33,Crunches - Weighted - Cable,5:00PM Sep 20,Working weight 45,2023-09-20
Sep,D35,ISO Lateral Row - Neutral - Machine,5:02PM Sep 20,Working weight 90kg,2023-09-20
Sep,D36,Seated Pulley Row - V-Grip - Cable,5:02PM Sep 20,Working weight 14,2023-09-20
Sep,D37,Lateral Pull Down - Cable,5:02PM Sep 20,Working weight 14,2023-09-20
Sep,D38,Face Pull - Cable,5:02PM Sep 20,Working weight 25.75,2023-09-20
Sep,D39,Straight Arm Pushdown - Rope - Cable,5:02PM Sep 20,Working weight 25.75,2023-09-20
Sep,D40,Curls - Wide Grip - Barbell,5:03PM Sep 20,Working weight 20kg,2023-09-20
Sep,D41,Curls - Concentration - Dumbell,5:03PM Sep 20,Barely made a peak weight of 10kg,2023-09-20
Sep,D43,Rear Extension - Rope - Cable,5:04PM Sep 20,Working weight 12.75,2023-09-20
Sep,F35,Shoulder Press - Dumbell,6:44PM Sep 21,Working weight 15kg DBs,2023-09-21
Sep,F37,Front Raises - Dumbell,6:56PM Sep 21,"Working weight 10kg DBs, gritted teeth",2023-09-21
Sep,F38,Lateral Raise - Bent Over Bench - Dumbell,6:56PM Sep 21,Working weight 6kg DBs,2023-09-21
Sep,F36,Lateral Raise - Standing - Dumbell,7:09PM Sep 21,Working weight 8kg DBs,2023-09-21
Sep,F39,Bench Press - Flat - Barbell,7:22PM Sep 21,Working weight 55kg,2023-09-21
Sep,F40,Bench Press - Incline - Dumbell,7:36PM Sep 21,"Working weight 16kg DBs, failed higher",2023-09-21
Sep,F41,Pectoral Flys - Cable,7:44PM Sep 21,Peak weight 54,2023-09-21
Sep,F42,KB Side Bend - Kettlebell,7:12AM Sep 27,Working weight 24,2023-09-27
Sep,F43,Crunches - Weighted - Cable,7:12AM Sep 27,Working weight 50,2023-09-27
Sep,E45,ISO Lateral Row - Wide - Machine,7:29AM Sep 27,Working weight 75kg,2023-09-27
Sep,E46,Straight Arm Pushdown - Rope - Cable,7:37AM Sep 27,Working weight 24.5 (tough),2023-09-27
Sep,E47,Face Pull - Cable,7:37AM Sep 27,Working weight 28,2023-09-27
Sep,E48,Abduction Row - Dumbell,7:49AM Sep 27,Working weight 26kg,2023-09-27
Sep,E52,Curls - Incline - Dumbell,7:58AM Sep 27,Working weight 10kg DBs,2023-09-27
Sep,E53,Curls - Concentration - Dumbell,7:58AM Sep 27,3 working sets of 8kg DB,2023-09-27
Sep,E49,Rear Extension - Rope - Cable,8:10AM Sep 27,Working weight 12.5,2023-09-27
Sep,E50,Tricep Kick-Backs - Cable,8:10AM Sep 27,Working weight 21,2023-09-27
Sep,E51,Crunches - Weighted - Cable,5:34PM Sep 27,Peak weight 50,2023-09-27
